idnodo|longitud|latitud|geom
1200|-77.0129639|-12.1271286|SRID=4326;POINT(-77.0129639 -12.1271286)
1175|-77.024403|-12.1249158|SRID=4326;POINT(-77.024403 -12.1249158)
1183|-77.0136451|-12.127016|SRID=4326;POINT(-77.0136451 -12.127016)
1256|-77.0153011|-12.1204421|SRID=4326;POINT(-77.0153011 -12.1204421)
1144|-77.0281929|-12.1190461|SRID=4326;POINT(-77.0281929 -12.1190461)
1162|-77.0552632|-12.1108718|SRID=4326;POINT(-77.0552632 -12.1108718)
1218|-77.0299433|-12.1137042|SRID=4326;POINT(-77.0299433 -12.1137042)
1145|-77.0335215|-12.1179616|SRID=4326;POINT(-77.0335215 -12.1179616)
344|-77.0323877|-12.1106273|SRID=4326;POINT(-77.0323877 -12.1106273)
345|-77.03246|-12.1095374|SRID=4326;POINT(-77.03246 -12.1095374)
346|-77.0191118|-12.1312405|SRID=4326;POINT(-77.0191118 -12.1312405)
347|-77.0194894|-12.1304937|SRID=4326;POINT(-77.0194894 -12.1304937)
340|-77.0324052|-12.1138724|SRID=4326;POINT(-77.0324052 -12.1138724)
341|-77.0324065|-12.1137941|SRID=4326;POINT(-77.0324065 -12.1137941)
342|-77.0324079|-12.1125977|SRID=4326;POINT(-77.0324079 -12.1125977)
343|-77.0323941|-12.1116456|SRID=4326;POINT(-77.0323941 -12.1116456)
810|-77.0119865|-12.1187222|SRID=4326;POINT(-77.0119865 -12.1187222)
811|-77.0112241|-12.1183861|SRID=4326;POINT(-77.0112241 -12.1183861)
812|-77.0104598|-12.1178736|SRID=4326;POINT(-77.0104598 -12.1178736)
813|-77.0098841|-12.1175041|SRID=4326;POINT(-77.0098841 -12.1175041)
348|-77.0195323|-12.1304266|SRID=4326;POINT(-77.0195323 -12.1304266)
349|-77.0198179|-12.129899|SRID=4326;POINT(-77.0198179 -12.129899)
816|-77.0114934|-12.1172018|SRID=4326;POINT(-77.0114934 -12.1172018)
817|-77.0118593|-12.1174463|SRID=4326;POINT(-77.0118593 -12.1174463)
595|-77.0478084|-12.1139318|SRID=4326;POINT(-77.0478084 -12.1139318)
1149|-77.0368446|-12.1140302|SRID=4326;POINT(-77.0368446 -12.1140302)
719|-77.0190517|-12.1206588|SRID=4326;POINT(-77.0190517 -12.1206588)
718|-77.0191204|-12.1198532|SRID=4326;POINT(-77.0191204 -12.1198532)
717|-77.0199701|-12.1202979|SRID=4326;POINT(-77.0199701 -12.1202979)
716|-77.0128405|-12.1202581|SRID=4326;POINT(-77.0128405 -12.1202581)
715|-77.0116181|-12.1195015|SRID=4326;POINT(-77.0116181 -12.1195015)
714|-77.0100521|-12.118483|SRID=4326;POINT(-77.0100521 -12.118483)
713|-77.0088943|-12.1177237|SRID=4326;POINT(-77.0088943 -12.1177237)
712|-77.0088144|-12.1176834|SRID=4326;POINT(-77.0088144 -12.1176834)
711|-77.0203276|-12.1224356|SRID=4326;POINT(-77.0203276 -12.1224356)
710|-77.0209829|-12.1233189|SRID=4326;POINT(-77.0209829 -12.1233189)
915|-77.0074521|-12.1241015|SRID=4326;POINT(-77.0074521 -12.1241015)
914|-77.0071259|-12.1245966|SRID=4326;POINT(-77.0071259 -12.1245966)
606|-77.0486187|-12.1129841|SRID=4326;POINT(-77.0486187 -12.1129841)
917|-77.0046798|-12.1263168|SRID=4326;POINT(-77.0046798 -12.1263168)
594|-77.0463971|-12.1125579|SRID=4326;POINT(-77.0463971 -12.1125579)
736|-77.0189694|-12.1256457|SRID=4326;POINT(-77.0189694 -12.1256457)
916|-77.0077812|-12.1235475|SRID=4326;POINT(-77.0077812 -12.1235475)
1182|-77.0136691|-12.1271211|SRID=4326;POINT(-77.0136691 -12.1271211)
1061|-77.0290395|-12.1063275|SRID=4326;POINT(-77.0290395 -12.1063275)
911|-77.0059329|-12.1264092|SRID=4326;POINT(-77.0059329 -12.1264092)
1063|-77.0300851|-12.1054405|SRID=4326;POINT(-77.0300851 -12.1054405)
1062|-77.0275576|-12.1060945|SRID=4326;POINT(-77.0275576 -12.1060945)
1065|-77.0015307|-12.1283296|SRID=4326;POINT(-77.0015307 -12.1283296)
1064|-77.0292079|-12.1053087|SRID=4326;POINT(-77.0292079 -12.1053087)
619|-77.0405272|-12.1134724|SRID=4326;POINT(-77.0405272 -12.1134724)
910|-77.0056496|-12.1268287|SRID=4326;POINT(-77.0056496 -12.1268287)
913|-77.0066367|-12.1253183|SRID=4326;POINT(-77.0066367 -12.1253183)
298|-77.0390227|-12.1212302|SRID=4326;POINT(-77.0390227 -12.1212302)
299|-77.0379919|-12.1212216|SRID=4326;POINT(-77.0379919 -12.1212216)
296|-77.04079|-12.12123|SRID=4326;POINT(-77.04079 -12.12123)
297|-77.0405134|-12.1212342|SRID=4326;POINT(-77.0405134 -12.1212342)
294|-77.0422617|-12.1211554|SRID=4326;POINT(-77.0422617 -12.1211554)
295|-77.041643|-12.1211853|SRID=4326;POINT(-77.041643 -12.1211853)
292|-77.0400877|-12.1201087|SRID=4326;POINT(-77.0400877 -12.1201087)
293|-77.0401005|-12.1193274|SRID=4326;POINT(-77.0401005 -12.1193274)
290|-77.0400941|-12.1216711|SRID=4326;POINT(-77.0400941 -12.1216711)
291|-77.0400674|-12.1212205|SRID=4326;POINT(-77.0400674 -12.1212205)
591|-77.0483363|-12.1131495|SRID=4326;POINT(-77.0483363 -12.1131495)
590|-77.0443226|-12.1133698|SRID=4326;POINT(-77.0443226 -12.1133698)
593|-77.0457115|-12.1119365|SRID=4326;POINT(-77.0457115 -12.1119365)
592|-77.0470001|-12.113172|SRID=4326;POINT(-77.0470001 -12.113172)
199|-77.0276868|-12.1363452|SRID=4326;POINT(-77.0276868 -12.1363452)
198|-77.0275331|-12.1347704|SRID=4326;POINT(-77.0275331 -12.1347704)
597|-77.0476966|-12.1152473|SRID=4326;POINT(-77.0476966 -12.1152473)
596|-77.0484495|-12.1145093|SRID=4326;POINT(-77.0484495 -12.1145093)
195|-77.0273917|-12.116856|SRID=4326;POINT(-77.0273917 -12.116856)
194|-77.0266906|-12.1166894|SRID=4326;POINT(-77.0266906 -12.1166894)
197|-77.0282715|-12.1338638|SRID=4326;POINT(-77.0282715 -12.1338638)
196|-77.0285148|-12.1337417|SRID=4326;POINT(-77.0285148 -12.1337417)
191|-77.0398536|-12.1192422|SRID=4326;POINT(-77.0398536 -12.1192422)
190|-77.0370205|-12.1140143|SRID=4326;POINT(-77.0370205 -12.1140143)
193|-77.0264307|-12.1166678|SRID=4326;POINT(-77.0264307 -12.1166678)
192|-77.0390152|-12.1201145|SRID=4326;POINT(-77.0390152 -12.1201145)
270|-77.0348394|-12.126336|SRID=4326;POINT(-77.0348394 -12.126336)
271|-77.0348661|-12.1260219|SRID=4326;POINT(-77.0348661 -12.1260219)
272|-77.0348218|-12.1233372|SRID=4326;POINT(-77.0348218 -12.1233372)
273|-77.0348031|-12.1212233|SRID=4326;POINT(-77.0348031 -12.1212233)
274|-77.0348002|-12.120174|SRID=4326;POINT(-77.0348002 -12.120174)
275|-77.0347728|-12.1191219|SRID=4326;POINT(-77.0347728 -12.1191219)
276|-77.0338377|-12.1238397|SRID=4326;POINT(-77.0338377 -12.1238397)
277|-77.0337059|-12.1238696|SRID=4326;POINT(-77.0337059 -12.1238696)
278|-77.0331255|-12.1243455|SRID=4326;POINT(-77.0331255 -12.1243455)
279|-77.033791|-12.1233315|SRID=4326;POINT(-77.033791 -12.1233315)
738|-77.018932|-12.1267763|SRID=4326;POINT(-77.018932 -12.1267763)
1067|-77.0067082|-12.1228227|SRID=4326;POINT(-77.0067082 -12.1228227)
524|-77.0390106|-12.1189445|SRID=4326;POINT(-77.0390106 -12.1189445)
525|-77.0370562|-12.1189498|SRID=4326;POINT(-77.0370562 -12.1189498)
526|-77.0368943|-12.1189525|SRID=4326;POINT(-77.0368943 -12.1189525)
527|-77.0320012|-12.1219476|SRID=4326;POINT(-77.0320012 -12.1219476)
520|-77.040056|-12.1186452|SRID=4326;POINT(-77.040056 -12.1186452)
521|-77.0398319|-12.1187506|SRID=4326;POINT(-77.0398319 -12.1187506)
522|-77.0389747|-12.1179099|SRID=4326;POINT(-77.0389747 -12.1179099)
523|-77.0397301|-12.1189447|SRID=4326;POINT(-77.0397301 -12.1189447)
1014|-77.0181645|-12.1243951|SRID=4326;POINT(-77.0181645 -12.1243951)
1015|-77.0217673|-12.1227989|SRID=4326;POINT(-77.0217673 -12.1227989)
599|-77.0486798|-12.1131214|SRID=4326;POINT(-77.0486798 -12.1131214)
1017|-77.0366715|-12.126076|SRID=4326;POINT(-77.0366715 -12.126076)
528|-77.0325001|-12.1214793|SRID=4326;POINT(-77.0325001 -12.1214793)
529|-77.0326734|-12.1213224|SRID=4326;POINT(-77.0326734 -12.1213224)
994|-77.0096896|-12.1282613|SRID=4326;POINT(-77.0096896 -12.1282613)
1013|-77.0176674|-12.1295991|SRID=4326;POINT(-77.0176674 -12.1295991)
1234|-77.0013802|-12.1284365|SRID=4326;POINT(-77.0013802 -12.1284365)
1025|-77.0303285|-12.1191726|SRID=4326;POINT(-77.0303285 -12.1191726)
449|-77.030873|-12.1071549|SRID=4326;POINT(-77.030873 -12.1071549)
448|-77.0298392|-12.1069921|SRID=4326;POINT(-77.0298392 -12.1069921)
1230|-77.0015856|-12.1288579|SRID=4326;POINT(-77.0015856 -12.1288579)
1231|-77.0372806|-12.1100895|SRID=4326;POINT(-77.0372806 -12.1100895)
1232|-77.0368038|-12.1107182|SRID=4326;POINT(-77.0368038 -12.1107182)
1233|-77.0370415|-12.1168838|SRID=4326;POINT(-77.0370415 -12.1168838)
443|-77.0276667|-12.1045916|SRID=4326;POINT(-77.0276667 -12.1045916)
442|-77.0280594|-12.1046199|SRID=4326;POINT(-77.0280594 -12.1046199)
441|-77.0288977|-12.1047573|SRID=4326;POINT(-77.0288977 -12.1047573)
440|-77.0292902|-12.1048328|SRID=4326;POINT(-77.0292902 -12.1048328)
447|-77.0276495|-12.1054477|SRID=4326;POINT(-77.0276495 -12.1054477)
446|-77.0280476|-12.1055031|SRID=4326;POINT(-77.0280476 -12.1055031)
445|-77.0287529|-12.1056257|SRID=4326;POINT(-77.0287529 -12.1056257)
444|-77.0291454|-12.1056756|SRID=4326;POINT(-77.0291454 -12.1056756)
108|-77.0251387|-12.1277213|SRID=4326;POINT(-77.0251387 -12.1277213)
109|-77.0240642|-12.1281777|SRID=4326;POINT(-77.0240642 -12.1281777)
1135|-77.0371501|-12.1249857|SRID=4326;POINT(-77.0371501 -12.1249857)
102|-77.0305278|-12.1255409|SRID=4326;POINT(-77.0305278 -12.1255409)
103|-77.029461|-12.1259848|SRID=4326;POINT(-77.029461 -12.1259848)
100|-77.033181|-12.1291814|SRID=4326;POINT(-77.033181 -12.1291814)
101|-77.0327503|-12.1246868|SRID=4326;POINT(-77.0327503 -12.1246868)
106|-77.0260063|-12.1273604|SRID=4326;POINT(-77.0260063 -12.1273604)
107|-77.0256537|-12.1275115|SRID=4326;POINT(-77.0256537 -12.1275115)
104|-77.028014|-12.1265549|SRID=4326;POINT(-77.028014 -12.1265549)
105|-77.0269481|-12.1269975|SRID=4326;POINT(-77.0269481 -12.1269975)
902|-77.0019056|-12.1278982|SRID=4326;POINT(-77.0019056 -12.1278982)
903|-77.0036326|-12.1278945|SRID=4326;POINT(-77.0036326 -12.1278945)
39|-77.0480908|-12.1156185|SRID=4326;POINT(-77.0480908 -12.1156185)
38|-77.0488471|-12.1148527|SRID=4326;POINT(-77.0488471 -12.1148527)
906|-77.0034352|-12.127391|SRID=4326;POINT(-77.0034352 -12.127391)
907|-77.0052908|-12.1282002|SRID=4326;POINT(-77.0052908 -12.1282002)
904|-77.0047387|-12.1277153|SRID=4326;POINT(-77.0047387 -12.1277153)
905|-77.0052101|-12.1276445|SRID=4326;POINT(-77.0052101 -12.1276445)
33|-77.0323825|-12.1238028|SRID=4326;POINT(-77.0323825 -12.1238028)
32|-77.0318411|-12.1230669|SRID=4326;POINT(-77.0318411 -12.1230669)
31|-77.0317529|-12.1229564|SRID=4326;POINT(-77.0317529 -12.1229564)
30|-77.031327|-12.1224575|SRID=4326;POINT(-77.031327 -12.1224575)
37|-77.0490532|-12.1138419|SRID=4326;POINT(-77.0490532 -12.1138419)
36|-77.0491072|-12.1134881|SRID=4326;POINT(-77.0491072 -12.1134881)
35|-77.0514552|-12.1117138|SRID=4326;POINT(-77.0514552 -12.1117138)
34|-77.0515211|-12.1102338|SRID=4326;POINT(-77.0515211 -12.1102338)
641|-77.0267936|-12.122231|SRID=4326;POINT(-77.0267936 -12.122231)
640|-77.0284755|-12.1223709|SRID=4326;POINT(-77.0284755 -12.1223709)
643|-77.0254203|-12.1212714|SRID=4326;POINT(-77.0254203 -12.1212714)
642|-77.0252315|-12.122077|SRID=4326;POINT(-77.0252315 -12.122077)
645|-77.0283639|-12.1214226|SRID=4326;POINT(-77.0283639 -12.1214226)
644|-77.0267593|-12.1214254|SRID=4326;POINT(-77.0267593 -12.1214254)
438|-77.0424499|-12.1115655|SRID=4326;POINT(-77.0424499 -12.1115655)
439|-77.0397788|-12.1090549|SRID=4326;POINT(-77.0397788 -12.1090549)
436|-77.038059|-12.1154932|SRID=4326;POINT(-77.038059 -12.1154932)
437|-77.0380378|-12.1131884|SRID=4326;POINT(-77.0380378 -12.1131884)
434|-77.0380852|-12.1171146|SRID=4326;POINT(-77.0380852 -12.1171146)
435|-77.0380666|-12.116206|SRID=4326;POINT(-77.0380666 -12.116206)
432|-77.0381091|-12.1189456|SRID=4326;POINT(-77.0381091 -12.1189456)
433|-77.0380932|-12.1179139|SRID=4326;POINT(-77.0380932 -12.1179139)
430|-77.0368282|-12.1126763|SRID=4326;POINT(-77.0368282 -12.1126763)
431|-77.0380255|-12.1122246|SRID=4326;POINT(-77.0380255 -12.1122246)
1156|-77.0360084|-12.1230475|SRID=4326;POINT(-77.0360084 -12.1230475)
1002|-77.0181273|-12.1253343|SRID=4326;POINT(-77.0181273 -12.1253343)
339|-77.0324406|-12.1159014|SRID=4326;POINT(-77.0324406 -12.1159014)
338|-77.0324502|-12.1169469|SRID=4326;POINT(-77.0324502 -12.1169469)
1236|-77.0526757|-12.1091137|SRID=4326;POINT(-77.0526757 -12.1091137)
335|-77.0314178|-12.1095366|SRID=4326;POINT(-77.0314178 -12.1095366)
334|-77.0314146|-12.1106045|SRID=4326;POINT(-77.0314146 -12.1106045)
337|-77.0324618|-12.117968|SRID=4326;POINT(-77.0324618 -12.117968)
336|-77.0324834|-12.1189936|SRID=4326;POINT(-77.0324834 -12.1189936)
331|-77.0313493|-12.1137387|SRID=4326;POINT(-77.0313493 -12.1137387)
330|-77.0313527|-12.1138097|SRID=4326;POINT(-77.0313527 -12.1138097)
333|-77.0313277|-12.1116268|SRID=4326;POINT(-77.0313277 -12.1116268)
332|-77.0313522|-12.1126701|SRID=4326;POINT(-77.0313522 -12.1126701)
1120|-77.039422|-12.1249921|SRID=4326;POINT(-77.039422 -12.1249921)
744|-77.0196783|-12.122891|SRID=4326;POINT(-77.0196783 -12.122891)
1000|-77.0156476|-12.1252913|SRID=4326;POINT(-77.0156476 -12.1252913)
745|-77.0181695|-12.1233411|SRID=4326;POINT(-77.0181695 -12.1233411)
854|-77.0276948|-12.1332377|SRID=4326;POINT(-77.0276948 -12.1332377)
818|-77.0125007|-12.1178476|SRID=4326;POINT(-77.0125007 -12.1178476)
856|-77.0210605|-12.1257448|SRID=4326;POINT(-77.0210605 -12.1257448)
857|-77.0195375|-12.1276322|SRID=4326;POINT(-77.0195375 -12.1276322)
850|-77.0501876|-12.1148415|SRID=4326;POINT(-77.0501876 -12.1148415)
851|-77.0524743|-12.1119337|SRID=4326;POINT(-77.0524743 -12.1119337)
852|-77.0540932|-12.1105303|SRID=4326;POINT(-77.0540932 -12.1105303)
819|-77.0132074|-12.1178584|SRID=4326;POINT(-77.0132074 -12.1178584)
858|-77.0214843|-12.1280388|SRID=4326;POINT(-77.0214843 -12.1280388)
1116|-77.025603|-12.1230096|SRID=4326;POINT(-77.025603 -12.1230096)
1081|-77.027915|-12.1393407|SRID=4326;POINT(-77.027915 -12.1393407)
748|-77.0137218|-12.123245|SRID=4326;POINT(-77.0137218 -12.123245)
6|-77.0298362|-12.1308035|SRID=4326;POINT(-77.0298362 -12.1308035)
1150|-77.0281857|-12.1169511|SRID=4326;POINT(-77.0281857 -12.1169511)
900|-77.0033952|-12.1259119|SRID=4326;POINT(-77.0033952 -12.1259119)
848|-77.002225|-12.1272072|SRID=4326;POINT(-77.002225 -12.1272072)
99|-77.0328206|-12.1285688|SRID=4326;POINT(-77.0328206 -12.1285688)
98|-77.0324086|-12.1276374|SRID=4326;POINT(-77.0324086 -12.1276374)
844|-77.0057587|-12.1222092|SRID=4326;POINT(-77.0057587 -12.1222092)
1085|-77.0330054|-12.1300879|SRID=4326;POINT(-77.0330054 -12.1300879)
91|-77.0320226|-12.124945|SRID=4326;POINT(-77.0320226 -12.124945)
90|-77.0323475|-12.1257497|SRID=4326;POINT(-77.0323475 -12.1257497)
93|-77.0309643|-12.1225533|SRID=4326;POINT(-77.0309643 -12.1225533)
92|-77.0313498|-12.1233593|SRID=4326;POINT(-77.0313498 -12.1233593)
95|-77.0317372|-12.1259955|SRID=4326;POINT(-77.0317372 -12.1259955)
94|-77.0307853|-12.1264043|SRID=4326;POINT(-77.0307853 -12.1264043)
97|-77.0314294|-12.1251769|SRID=4326;POINT(-77.0314294 -12.1251769)
96|-77.0330936|-12.1254588|SRID=4326;POINT(-77.0330936 -12.1254588)
1216|-77.0302964|-12.1043466|SRID=4326;POINT(-77.0302964 -12.1043466)
814|-77.0093072|-12.1171224|SRID=4326;POINT(-77.0093072 -12.1171224)
1030|-77.0291487|-12.1179541|SRID=4326;POINT(-77.0291487 -12.1179541)
815|-77.0110868|-12.1169428|SRID=4326;POINT(-77.0110868 -12.1169428)
1098|-77.036899|-12.120144|SRID=4326;POINT(-77.036899 -12.120144)
1066|-77.011733|-12.1243001|SRID=4326;POINT(-77.011733 -12.1243001)
740|-77.0188631|-12.1291865|SRID=4326;POINT(-77.0188631 -12.1291865)
741|-77.0188114|-12.1304014|SRID=4326;POINT(-77.0188114 -12.1304014)
742|-77.018821|-12.1304946|SRID=4326;POINT(-77.018821 -12.1304946)
743|-77.0187685|-12.1312405|SRID=4326;POINT(-77.0187685 -12.1312405)
559|-77.0463452|-12.1152932|SRID=4326;POINT(-77.0463452 -12.1152932)
558|-77.0456287|-12.1160193|SRID=4326;POINT(-77.0456287 -12.1160193)
746|-77.0159019|-12.1232785|SRID=4326;POINT(-77.0159019 -12.1232785)
747|-77.0146144|-12.1232617|SRID=4326;POINT(-77.0146144 -12.1232617)
555|-77.043508|-12.1181676|SRID=4326;POINT(-77.043508 -12.1181676)
554|-77.0429567|-12.1187013|SRID=4326;POINT(-77.0429567 -12.1187013)
557|-77.0449422|-12.116738|SRID=4326;POINT(-77.0449422 -12.116738)
556|-77.0442226|-12.117469|SRID=4326;POINT(-77.0442226 -12.117469)
551|-77.0407732|-12.1201002|SRID=4326;POINT(-77.0407732 -12.1201002)
550|-77.0407598|-12.1219241|SRID=4326;POINT(-77.0407598 -12.1219241)
553|-77.0424713|-12.1188811|SRID=4326;POINT(-77.0424713 -12.1188811)
552|-77.0411067|-12.1189065|SRID=4326;POINT(-77.0411067 -12.1189065)
238|-77.0248406|-12.1352917|SRID=4326;POINT(-77.0248406 -12.1352917)
239|-77.025137|-12.1359215|SRID=4326;POINT(-77.025137 -12.1359215)
234|-77.0252487|-12.1351173|SRID=4326;POINT(-77.0252487 -12.1351173)
235|-77.0286816|-12.1362199|SRID=4326;POINT(-77.0286816 -12.1362199)
236|-77.028895|-12.1362997|SRID=4326;POINT(-77.028895 -12.1362997)
237|-77.025199|-12.1352585|SRID=4326;POINT(-77.025199 -12.1352585)
230|-77.0234402|-12.1345338|SRID=4326;POINT(-77.0234402 -12.1345338)
231|-77.0245339|-12.1348962|SRID=4326;POINT(-77.0245339 -12.1348962)
232|-77.0249409|-12.1350242|SRID=4326;POINT(-77.0249409 -12.1350242)
233|-77.0250604|-12.1350904|SRID=4326;POINT(-77.0250604 -12.1350904)
1050|-77.0294048|-12.1094918|SRID=4326;POINT(-77.0294048 -12.1094918)
1051|-77.028371|-12.109426|SRID=4326;POINT(-77.028371 -12.109426)
1052|-77.0266245|-12.1092649|SRID=4326;POINT(-77.0266245 -12.1092649)
1053|-77.0267704|-12.1081304|SRID=4326;POINT(-77.0267704 -12.1081304)
1054|-77.0286863|-12.1084672|SRID=4326;POINT(-77.0286863 -12.1084672)
1055|-77.0295636|-12.1086233|SRID=4326;POINT(-77.0295636 -12.1086233)
1056|-77.0306066|-12.1087804|SRID=4326;POINT(-77.0306066 -12.1087804)
1057|-77.0297419|-12.1075381|SRID=4326;POINT(-77.0297419 -12.1075381)
1058|-77.0288715|-12.1073926|SRID=4326;POINT(-77.0288715 -12.1073926)
1059|-77.0272101|-12.1070294|SRID=4326;POINT(-77.0272101 -12.1070294)
1193|-77.0485134|-12.1129715|SRID=4326;POINT(-77.0485134 -12.1129715)
992|-77.0106931|-12.1280912|SRID=4326;POINT(-77.0106931 -12.1280912)
1195|-77.0444669|-12.1132271|SRID=4326;POINT(-77.0444669 -12.1132271)
1194|-77.0478663|-12.1110742|SRID=4326;POINT(-77.0478663 -12.1110742)
1197|-77.0484813|-12.1104153|SRID=4326;POINT(-77.0484813 -12.1104153)
1196|-77.0371796|-12.1106439|SRID=4326;POINT(-77.0371796 -12.1106439)
1|-77.0091367|-12.1198624|SRID=4326;POINT(-77.0091367 -12.1198624)
614|-77.0421078|-12.1119422|SRID=4326;POINT(-77.0421078 -12.1119422)
146|-77.0283229|-12.131375|SRID=4326;POINT(-77.0283229 -12.131375)
147|-77.0299298|-12.130753|SRID=4326;POINT(-77.0299298 -12.130753)
144|-77.0269227|-12.1319199|SRID=4326;POINT(-77.0269227 -12.1319199)
145|-77.0276359|-12.1316413|SRID=4326;POINT(-77.0276359 -12.1316413)
142|-77.0257058|-12.1323593|SRID=4326;POINT(-77.0257058 -12.1323593)
143|-77.0265576|-12.1320555|SRID=4326;POINT(-77.0265576 -12.1320555)
140|-77.0339793|-12.1281073|SRID=4326;POINT(-77.0339793 -12.1281073)
141|-77.0346036|-12.1279001|SRID=4326;POINT(-77.0346036 -12.1279001)
612|-77.0410121|-12.1130249|SRID=4326;POINT(-77.0410121 -12.1130249)
613|-77.0383716|-12.1104912|SRID=4326;POINT(-77.0383716 -12.1104912)
610|-77.0414129|-12.1143845|SRID=4326;POINT(-77.0414129 -12.1143845)
611|-77.0406818|-12.1151237|SRID=4326;POINT(-77.0406818 -12.1151237)
616|-77.0431311|-12.112948|SRID=4326;POINT(-77.0431311 -12.112948)
617|-77.0439639|-12.1137399|SRID=4326;POINT(-77.0439639 -12.1137399)
148|-77.0298773|-12.130128|SRID=4326;POINT(-77.0298773 -12.130128)
149|-77.022224|-12.1211808|SRID=4326;POINT(-77.022224 -12.1211808)
1007|-77.0124805|-12.1303933|SRID=4326;POINT(-77.0124805 -12.1303933)
912|-77.0062934|-12.1259057|SRID=4326;POINT(-77.0062934 -12.1259057)
1139|-77.0213691|-12.133523|SRID=4326;POINT(-77.0213691 -12.133523)
1006|-77.0131538|-12.1298469|SRID=4326;POINT(-77.0131538 -12.1298469)
951|-77.009555|-12.11922|SRID=4326;POINT(-77.009555 -12.11922)
1005|-77.0123033|-12.1295183|SRID=4326;POINT(-77.0123033 -12.1295183)
1082|-77.0234348|-12.1339014|SRID=4326;POINT(-77.0234348 -12.1339014)
1004|-77.0117323|-12.1292772|SRID=4326;POINT(-77.0117323 -12.1292772)
948|-77.0114343|-12.1265529|SRID=4326;POINT(-77.0114343 -12.1265529)
949|-77.0107002|-12.1260279|SRID=4326;POINT(-77.0107002 -12.1260279)
946|-77.0101576|-12.1267415|SRID=4326;POINT(-77.0101576 -12.1267415)
947|-77.0107917|-12.1266508|SRID=4326;POINT(-77.0107917 -12.1266508)
944|-77.0122329|-12.1264343|SRID=4326;POINT(-77.0122329 -12.1264343)
945|-77.0112801|-12.1242861|SRID=4326;POINT(-77.0112801 -12.1242861)
942|-77.0115376|-12.1249406|SRID=4326;POINT(-77.0115376 -12.1249406)
943|-77.0121226|-12.1258004|SRID=4326;POINT(-77.0121226 -12.1258004)
940|-77.0098897|-12.1249238|SRID=4326;POINT(-77.0098897 -12.1249238)
941|-77.0104905|-12.1249406|SRID=4326;POINT(-77.0104905 -12.1249406)
1191|-77.0464613|-12.1111871|SRID=4326;POINT(-77.0464613 -12.1111871)
768|-77.02191|-12.1314766|SRID=4326;POINT(-77.02191 -12.1314766)
689|-77.0021774|-12.1287147|SRID=4326;POINT(-77.0021774 -12.1287147)
688|-77.001619|-12.1287899|SRID=4326;POINT(-77.001619 -12.1287899)
1190|-77.0471314|-12.1118273|SRID=4326;POINT(-77.0471314 -12.1118273)
685|-77.0022031|-12.1287651|SRID=4326;POINT(-77.0022031 -12.1287651)
684|-77.0230171|-12.129428|SRID=4326;POINT(-77.0230171 -12.129428)
687|-77.0039197|-12.1285133|SRID=4326;POINT(-77.0039197 -12.1285133)
686|-77.0015349|-12.128857|SRID=4326;POINT(-77.0015349 -12.128857)
681|-77.0232955|-12.1336522|SRID=4326;POINT(-77.0232955 -12.1336522)
680|-77.0228797|-12.1335565|SRID=4326;POINT(-77.0228797 -12.1335565)
683|-77.0229999|-12.1295455|SRID=4326;POINT(-77.0229999 -12.1295455)
682|-77.022545|-12.1346558|SRID=4326;POINT(-77.022545 -12.1346558)
623|-77.0428433|-12.119275|SRID=4326;POINT(-77.0428433 -12.119275)
1192|-77.048673|-12.1130455|SRID=4326;POINT(-77.048673 -12.1130455)
1103|-77.0471011|-12.1146419|SRID=4326;POINT(-77.0471011 -12.1146419)
622|-77.043161|-12.1200708|SRID=4326;POINT(-77.043161 -12.1200708)
1240|-77.0091636|-12.1173482|SRID=4326;POINT(-77.0091636 -12.1173482)
1225|-77.0300069|-12.1314884|SRID=4326;POINT(-77.0300069 -12.1314884)
133|-77.0260743|-12.1300793|SRID=4326;POINT(-77.0260743 -12.1300793)
132|-77.026411|-12.1299395|SRID=4326;POINT(-77.026411 -12.1299395)
131|-77.0265892|-12.1298695|SRID=4326;POINT(-77.0265892 -12.1298695)
130|-77.027439|-12.1295422|SRID=4326;POINT(-77.027439 -12.1295422)
137|-77.0275489|-12.1307119|SRID=4326;POINT(-77.0275489 -12.1307119)
136|-77.026979|-12.1309345|SRID=4326;POINT(-77.026979 -12.1309345)
135|-77.0260161|-12.131335|SRID=4326;POINT(-77.0260161 -12.131335)
134|-77.0252074|-12.1306835|SRID=4326;POINT(-77.0252074 -12.1306835)
494|-77.0347426|-12.1158867|SRID=4326;POINT(-77.0347426 -12.1158867)
495|-77.0335033|-12.1158963|SRID=4326;POINT(-77.0335033 -12.1158963)
139|-77.029846|-12.1297683|SRID=4326;POINT(-77.029846 -12.1297683)
138|-77.0282715|-12.1304317|SRID=4326;POINT(-77.0282715 -12.1304317)
490|-77.0285855|-12.1144643|SRID=4326;POINT(-77.0285855 -12.1144643)
491|-77.0263725|-12.1153949|SRID=4326;POINT(-77.0263725 -12.1153949)
492|-77.0370431|-12.1158543|SRID=4326;POINT(-77.0370431 -12.1158543)
493|-77.0368579|-12.1158549|SRID=4326;POINT(-77.0368579 -12.1158549)
24|-77.0289804|-12.1194347|SRID=4326;POINT(-77.0289804 -12.1194347)
25|-77.0288706|-12.1193127|SRID=4326;POINT(-77.0288706 -12.1193127)
26|-77.0292457|-12.1193558|SRID=4326;POINT(-77.0292457 -12.1193558)
27|-77.0293294|-12.1196411|SRID=4326;POINT(-77.0293294 -12.1196411)
20|-77.0294017|-12.1159095|SRID=4326;POINT(-77.0294017 -12.1159095)
21|-77.0296459|-12.1144374|SRID=4326;POINT(-77.0296459 -12.1144374)
22|-77.0297594|-12.1137777|SRID=4326;POINT(-77.0297594 -12.1137777)
23|-77.0297916|-12.1136995|SRID=4326;POINT(-77.0297916 -12.1136995)
1243|-77.0365485|-12.1100919|SRID=4326;POINT(-77.0365485 -12.1100919)
927|-77.0078592|-12.1270805|SRID=4326;POINT(-77.0078592 -12.1270805)
28|-77.0301601|-12.1208241|SRID=4326;POINT(-77.0301601 -12.1208241)
29|-77.0311724|-12.1222162|SRID=4326;POINT(-77.0311724 -12.1222162)
407|-77.0342392|-12.1105855|SRID=4326;POINT(-77.0342392 -12.1105855)
406|-77.0346534|-12.1093337|SRID=4326;POINT(-77.0346534 -12.1093337)
405|-77.0339409|-12.1098367|SRID=4326;POINT(-77.0339409 -12.1098367)
404|-77.0341328|-12.1086073|SRID=4326;POINT(-77.0341328 -12.1086073)
403|-77.0339848|-12.1086963|SRID=4326;POINT(-77.0339848 -12.1086963)
402|-77.031154|-12.1056063|SRID=4326;POINT(-77.031154 -12.1056063)
401|-77.0312993|-12.1056271|SRID=4326;POINT(-77.0312993 -12.1056271)
400|-77.0323071|-12.105772|SRID=4326;POINT(-77.0323071 -12.105772)
933|-77.0057198|-12.1236849|SRID=4326;POINT(-77.0057198 -12.1236849)
932|-77.0061825|-12.1239886|SRID=4326;POINT(-77.0061825 -12.1239886)
931|-77.0066453|-12.1242777|SRID=4326;POINT(-77.0066453 -12.1242777)
930|-77.006671|-12.1266777|SRID=4326;POINT(-77.006671 -12.1266777)
937|-77.0052892|-12.1252679|SRID=4326;POINT(-77.0052892 -12.1252679)
629|-77.0354008|-12.1279092|SRID=4326;POINT(-77.0354008 -12.1279092)
409|-77.0345604|-12.1115897|SRID=4326;POINT(-77.0345604 -12.1115897)
408|-77.0352714|-12.1100722|SRID=4326;POINT(-77.0352714 -12.1100722)
1069|-77.0067831|-12.1227056|SRID=4326;POINT(-77.0067831 -12.1227056)
628|-77.0352309|-12.1282824|SRID=4326;POINT(-77.0352309 -12.1282824)
1028|-77.0358286|-12.1191136|SRID=4326;POINT(-77.0358286 -12.1191136)
758|-77.0211667|-12.1312462|SRID=4326;POINT(-77.0211667 -12.1312462)
1212|-77.0281661|-12.1172141|SRID=4326;POINT(-77.0281661 -12.1172141)
1229|-77.0015829|-12.1287887|SRID=4326;POINT(-77.0015829 -12.1287887)
1228|-77.0291848|-12.1190092|SRID=4326;POINT(-77.0291848 -12.1190092)
1018|-77.0347686|-12.1189745|SRID=4326;POINT(-77.0347686 -12.1189745)
379|-77.0300016|-12.1126445|SRID=4326;POINT(-77.0300016 -12.1126445)
378|-77.0301158|-12.1126445|SRID=4326;POINT(-77.0301158 -12.1126445)
829|-77.017257|-12.1276953|SRID=4326;POINT(-77.017257 -12.1276953)
828|-77.0137325|-12.129389|SRID=4326;POINT(-77.0137325 -12.129389)
1060|-77.029942|-12.1064744|SRID=4326;POINT(-77.029942 -12.1064744)
371|-77.0303896|-12.1169387|SRID=4326;POINT(-77.0303896 -12.1169387)
370|-77.030588|-12.1159105|SRID=4326;POINT(-77.030588 -12.1159105)
373|-77.0303384|-12.1190033|SRID=4326;POINT(-77.0303384 -12.1190033)
372|-77.0302993|-12.1179864|SRID=4326;POINT(-77.0302993 -12.1179864)
375|-77.0410924|-12.1179225|SRID=4326;POINT(-77.0410924 -12.1179225)
374|-77.0416321|-12.1179177|SRID=4326;POINT(-77.0416321 -12.1179177)
377|-77.0333653|-12.1125057|SRID=4326;POINT(-77.0333653 -12.1125057)
376|-77.033898|-12.1125054|SRID=4326;POINT(-77.033898 -12.1125054)
1019|-77.0347527|-12.1179399|SRID=4326;POINT(-77.0347527 -12.1179399)
708|-77.0241157|-12.1245294|SRID=4326;POINT(-77.0241157 -12.1245294)
709|-77.0230004|-12.1254417|SRID=4326;POINT(-77.0230004 -12.1254417)
1176|-77.0276262|-12.1331705|SRID=4326;POINT(-77.0276262 -12.1331705)
704|-77.0216695|-12.1239651|SRID=4326;POINT(-77.0216695 -12.1239651)
705|-77.0215236|-12.1240742|SRID=4326;POINT(-77.0215236 -12.1240742)
706|-77.021146|-12.1245861|SRID=4326;POINT(-77.021146 -12.1245861)
707|-77.023681|-12.124456|SRID=4326;POINT(-77.023681 -12.124456)
700|-77.0189541|-12.1262041|SRID=4326;POINT(-77.0189541 -12.1262041)
618|-77.0404929|-12.113504|SRID=4326;POINT(-77.0404929 -12.113504)
702|-77.0237518|-12.1222901|SRID=4326;POINT(-77.0237518 -12.1222901)
703|-77.0222789|-12.1235488|SRID=4326;POINT(-77.0222789 -12.1235488)
393|-77.0307839|-12.1077216|SRID=4326;POINT(-77.0307839 -12.1077216)
392|-77.0337537|-12.1081864|SRID=4326;POINT(-77.0337537 -12.1081864)
88|-77.033387|-12.1283339|SRID=4326;POINT(-77.033387 -12.1283339)
89|-77.0330172|-12.1274078|SRID=4326;POINT(-77.0330172 -12.1274078)
397|-77.0313933|-12.1088919|SRID=4326;POINT(-77.0313933 -12.1088919)
396|-77.0317742|-12.1089526|SRID=4326;POINT(-77.0317742 -12.1089526)
395|-77.0325426|-12.1090569|SRID=4326;POINT(-77.0325426 -12.1090569)
394|-77.0308504|-12.1077286|SRID=4326;POINT(-77.0308504 -12.1077286)
82|-77.0291317|-12.1322018|SRID=4326;POINT(-77.0291317 -12.1322018)
83|-77.0236912|-12.1292875|SRID=4326;POINT(-77.0236912 -12.1292875)
80|-77.0290383|-12.1311083|SRID=4326;POINT(-77.0290383 -12.1311083)
81|-77.0291281|-12.1321054|SRID=4326;POINT(-77.0291281 -12.1321054)
86|-77.0338334|-12.1294415|SRID=4326;POINT(-77.0338334 -12.1294415)
87|-77.0336789|-12.129022|SRID=4326;POINT(-77.0336789 -12.129022)
84|-77.0236598|-12.1291963|SRID=4326;POINT(-77.0236598 -12.1291963)
85|-77.0340994|-12.129987|SRID=4326;POINT(-77.0340994 -12.129987)
797|-77.0172494|-12.1217932|SRID=4326;POINT(-77.0172494 -12.1217932)
796|-77.0172494|-12.1219778|SRID=4326;POINT(-77.0172494 -12.1219778)
795|-77.0159019|-12.1223219|SRID=4326;POINT(-77.0159019 -12.1223219)
794|-77.0172494|-12.1214827|SRID=4326;POINT(-77.0172494 -12.1214827)
793|-77.0159362|-12.1214324|SRID=4326;POINT(-77.0159362 -12.1214324)
792|-77.0146659|-12.120417|SRID=4326;POINT(-77.0146659 -12.120417)
791|-77.0146573|-12.1205596|SRID=4326;POINT(-77.0146573 -12.1205596)
790|-77.0146402|-12.1214156|SRID=4326;POINT(-77.0146402 -12.1214156)
1170|-77.0345547|-12.113245|SRID=4326;POINT(-77.0345547 -12.113245)
799|-77.0181764|-12.1218352|SRID=4326;POINT(-77.0181764 -12.1218352)
798|-77.0172666|-12.1206351|SRID=4326;POINT(-77.0172666 -12.1206351)
898|-77.0042801|-12.1246017|SRID=4326;POINT(-77.0042801 -12.1246017)
7|-77.0297892|-12.1301537|SRID=4326;POINT(-77.0297892 -12.1301537)
601|-77.0477518|-12.1124367|SRID=4326;POINT(-77.0477518 -12.1124367)
607|-77.0492214|-12.1123631|SRID=4326;POINT(-77.0492214 -12.1123631)
1246|-77.0274357|-12.1191719|SRID=4326;POINT(-77.0274357 -12.1191719)
586|-77.0470121|-12.1159251|SRID=4326;POINT(-77.0470121 -12.1159251)
587|-77.0464086|-12.1153425|SRID=4326;POINT(-77.0464086 -12.1153425)
584|-77.0462893|-12.1166404|SRID=4326;POINT(-77.0462893 -12.1166404)
585|-77.046441|-12.1167937|SRID=4326;POINT(-77.046441 -12.1167937)
582|-77.0448928|-12.1152972|SRID=4326;POINT(-77.0448928 -12.1152972)
583|-77.0456846|-12.1160675|SRID=4326;POINT(-77.0456846 -12.1160675)
580|-77.0436245|-12.1140873|SRID=4326;POINT(-77.0436245 -12.1140873)
581|-77.0442467|-12.1146906|SRID=4326;POINT(-77.0442467 -12.1146906)
1133|-77.0312609|-12.124714|SRID=4326;POINT(-77.0312609 -12.124714)
1132|-77.0120302|-12.1184641|SRID=4326;POINT(-77.0120302 -12.1184641)
1131|-77.0123514|-12.1180433|SRID=4326;POINT(-77.0123514 -12.1180433)
1130|-77.011544|-12.1272235|SRID=4326;POINT(-77.011544 -12.1272235)
1137|-77.030294|-12.1116131|SRID=4326;POINT(-77.030294 -12.1116131)
1136|-77.0330015|-12.1116399|SRID=4326;POINT(-77.0330015 -12.1116399)
588|-77.0455961|-12.1145956|SRID=4326;POINT(-77.0455961 -12.1145956)
589|-77.0449647|-12.1139801|SRID=4326;POINT(-77.0449647 -12.1139801)
245|-77.0372741|-12.1269049|SRID=4326;POINT(-77.0372741 -12.1269049)
244|-77.0354049|-12.129838|SRID=4326;POINT(-77.0354049 -12.129838)
247|-77.0379345|-12.1262181|SRID=4326;POINT(-77.0379345 -12.1262181)
246|-77.0375912|-12.1264866|SRID=4326;POINT(-77.0375912 -12.1264866)
241|-77.0234809|-12.1351086|SRID=4326;POINT(-77.0234809 -12.1351086)
240|-77.025578|-12.1362127|SRID=4326;POINT(-77.025578 -12.1362127)
243|-77.0286738|-12.1362445|SRID=4326;POINT(-77.0286738 -12.1362445)
242|-77.0278327|-12.1388458|SRID=4326;POINT(-77.0278327 -12.1388458)
1258|-77.0314979|-12.1045355|SRID=4326;POINT(-77.0314979 -12.1045355)
615|-77.0430064|-12.1128299|SRID=4326;POINT(-77.0430064 -12.1128299)
249|-77.021348|-12.1332889|SRID=4326;POINT(-77.021348 -12.1332889)
248|-77.0214596|-12.1330875|SRID=4326;POINT(-77.0214596 -12.1330875)
1213|-77.0278046|-12.1169504|SRID=4326;POINT(-77.0278046 -12.1169504)
924|-77.006199|-12.1273574|SRID=4326;POINT(-77.006199 -12.1273574)
970|-77.007977|-12.1216039|SRID=4326;POINT(-77.007977 -12.1216039)
925|-77.0054608|-12.1260651|SRID=4326;POINT(-77.0054608 -12.1260651)
519|-77.040058|-12.1179186|SRID=4326;POINT(-77.040058 -12.1179186)
518|-77.0394917|-12.1153781|SRID=4326;POINT(-77.0394917 -12.1153781)
926|-77.0079902|-12.1277791|SRID=4326;POINT(-77.0079902 -12.1277791)
1009|-77.0161923|-12.1299629|SRID=4326;POINT(-77.0161923 -12.1299629)
1008|-77.0123694|-12.1288664|SRID=4326;POINT(-77.0123694 -12.1288664)
511|-77.038959|-12.1162145|SRID=4326;POINT(-77.038959 -12.1162145)
510|-77.0400263|-12.1162063|SRID=4326;POINT(-77.0400263 -12.1162063)
513|-77.0370371|-12.1162162|SRID=4326;POINT(-77.0370371 -12.1162162)
512|-77.037308|-12.1162126|SRID=4326;POINT(-77.037308 -12.1162126)
515|-77.0389512|-12.1154843|SRID=4326;POINT(-77.0389512 -12.1154843)
514|-77.037041|-12.1155166|SRID=4326;POINT(-77.037041 -12.1155166)
517|-77.0403441|-12.1147043|SRID=4326;POINT(-77.0403441 -12.1147043)
516|-77.0393568|-12.1154929|SRID=4326;POINT(-77.0393568 -12.1154929)
458|-77.0277819|-12.1071871|SRID=4326;POINT(-77.0277819 -12.1071871)
459|-77.0276076|-12.1082638|SRID=4326;POINT(-77.0276076 -12.1082638)
621|-77.043407|-12.1202291|SRID=4326;POINT(-77.043407 -12.1202291)
620|-77.0431365|-12.1108857|SRID=4326;POINT(-77.0431365 -12.1108857)
627|-77.0439379|-12.1189919|SRID=4326;POINT(-77.0439379 -12.1189919)
626|-77.0436958|-12.1189529|SRID=4326;POINT(-77.0436958 -12.1189529)
625|-77.0431035|-12.1189509|SRID=4326;POINT(-77.0431035 -12.1189509)
624|-77.0437724|-12.1194955|SRID=4326;POINT(-77.0437724 -12.1194955)
450|-77.0305171|-12.1093128|SRID=4326;POINT(-77.0305171 -12.1093128)
451|-77.0294563|-12.1092291|SRID=4326;POINT(-77.0294563 -12.1092291)
452|-77.0284934|-12.1091328|SRID=4326;POINT(-77.0284934 -12.1091328)
453|-77.0275161|-12.1089132|SRID=4326;POINT(-77.0275161 -12.1089132)
454|-77.0266758|-12.1087285|SRID=4326;POINT(-77.0266758 -12.1087285)
455|-77.0265759|-12.1087264|SRID=4326;POINT(-77.0265759 -12.1087264)
456|-77.0265851|-12.1086335|SRID=4326;POINT(-77.0265851 -12.1086335)
457|-77.0279465|-12.1061312|SRID=4326;POINT(-77.0279465 -12.1061312)
1084|-77.0225077|-12.1296301|SRID=4326;POINT(-77.0225077 -12.1296301)
979|-77.0104034|-12.1211038|SRID=4326;POINT(-77.0104034 -12.1211038)
179|-77.0324177|-12.1148633|SRID=4326;POINT(-77.0324177 -12.1148633)
178|-77.03349|-12.1148845|SRID=4326;POINT(-77.03349 -12.1148845)
177|-77.0347362|-12.1148695|SRID=4326;POINT(-77.0347362 -12.1148695)
176|-77.0357998|-12.1148341|SRID=4326;POINT(-77.0357998 -12.1148341)
175|-77.0368477|-12.1148349|SRID=4326;POINT(-77.0368477 -12.1148349)
174|-77.0370231|-12.1148329|SRID=4326;POINT(-77.0370231 -12.1148329)
173|-77.0380635|-12.1148294|SRID=4326;POINT(-77.0380635 -12.1148294)
172|-77.0389442|-12.1148298|SRID=4326;POINT(-77.0389442 -12.1148298)
171|-77.0402105|-12.1147914|SRID=4326;POINT(-77.0402105 -12.1147914)
170|-77.038386|-12.112207|SRID=4326;POINT(-77.038386 -12.112207)
977|-77.0115219|-12.1213462|SRID=4326;POINT(-77.0115219 -12.1213462)
656|-77.0263988|-12.1174951|SRID=4326;POINT(-77.0263988 -12.1174951)
975|-77.0108928|-12.1221248|SRID=4326;POINT(-77.0108928 -12.1221248)
974|-77.010412|-12.1221108|SRID=4326;POINT(-77.010412 -12.1221108)
973|-77.0086623|-12.1206047|SRID=4326;POINT(-77.0086623 -12.1206047)
972|-77.0081044|-12.1201096|SRID=4326;POINT(-77.0081044 -12.1201096)
971|-77.0074178|-12.1211417|SRID=4326;POINT(-77.0074178 -12.1211417)
657|-77.0243936|-12.1262323|SRID=4326;POINT(-77.0243936 -12.1262323)
1080|-77.0277175|-12.1390386|SRID=4326;POINT(-77.0277175 -12.1390386)
654|-77.0274199|-12.1174935|SRID=4326;POINT(-77.0274199 -12.1174935)
253|-77.0369474|-12.1243627|SRID=4326;POINT(-77.0369474 -12.1243627)
978|-77.0109184|-12.121087|SRID=4326;POINT(-77.0109184 -12.121087)
182|-77.0297546|-12.1148553|SRID=4326;POINT(-77.0297546 -12.1148553)
183|-77.0397285|-12.1190742|SRID=4326;POINT(-77.0397285 -12.1190742)
180|-77.0313357|-12.1148583|SRID=4326;POINT(-77.0313357 -12.1148583)
181|-77.0307548|-12.1148489|SRID=4326;POINT(-77.0307548 -12.1148489)
186|-77.0370603|-12.1191019|SRID=4326;POINT(-77.0370603 -12.1191019)
187|-77.0369706|-12.1107291|SRID=4326;POINT(-77.0369706 -12.1107291)
184|-77.0390098|-12.1190848|SRID=4326;POINT(-77.0390098 -12.1190848)
185|-77.0381093|-12.1190879|SRID=4326;POINT(-77.0381093 -12.1190879)
886|-77.0210789|-12.1232407|SRID=4326;POINT(-77.0210789 -12.1232407)
652|-77.0274209|-12.1182833|SRID=4326;POINT(-77.0274209 -12.1182833)
188|-77.0369989|-12.1122294|SRID=4326;POINT(-77.0369989 -12.1122294)
189|-77.0370082|-12.1132096|SRID=4326;POINT(-77.0370082 -12.1132096)
1122|-77.036267|-12.1266715|SRID=4326;POINT(-77.036267 -12.1266715)
658|-77.0252658|-12.1261301|SRID=4326;POINT(-77.0252658 -12.1261301)
653|-77.0281837|-12.1182725|SRID=4326;POINT(-77.0281837 -12.1182725)
1110|-77.013798|-12.1268793|SRID=4326;POINT(-77.013798 -12.1268793)
1123|-77.0117468|-12.1210678|SRID=4326;POINT(-77.0117468 -12.1210678)
650|-77.0262515|-12.1182917|SRID=4326;POINT(-77.0262515 -12.1182917)
1124|-77.0443333|-12.1114454|SRID=4326;POINT(-77.0443333 -12.1114454)
651|-77.0266978|-12.11828|SRID=4326;POINT(-77.0266978 -12.11828)
1125|-77.0253534|-12.1226125|SRID=4326;POINT(-77.0253534 -12.1226125)
1148|-77.037309|-12.11641|SRID=4326;POINT(-77.037309 -12.11641)
1089|-77.0312741|-12.130825|SRID=4326;POINT(-77.0312741 -12.130825)
764|-77.0210888|-12.1292144|SRID=4326;POINT(-77.0210888 -12.1292144)
1088|-77.0323531|-12.1301718|SRID=4326;POINT(-77.0323531 -12.1301718)
1227|-77.0292614|-12.1191956|SRID=4326;POINT(-77.0292614 -12.1191956)
11|-77.0295281|-12.126872|SRID=4326;POINT(-77.0295281 -12.126872)
10|-77.0295649|-12.1277816|SRID=4326;POINT(-77.0295649 -12.1277816)
13|-77.0238927|-12.1256903|SRID=4326;POINT(-77.0238927 -12.1256903)
12|-77.0214035|-12.1326838|SRID=4326;POINT(-77.0214035 -12.1326838)
15|-77.025684|-12.1192525|SRID=4326;POINT(-77.025684 -12.1192525)
14|-77.0256239|-12.1194455|SRID=4326;POINT(-77.0256239 -12.1194455)
17|-77.0290071|-12.1182774|SRID=4326;POINT(-77.0290071 -12.1182774)
16|-77.0289032|-12.1190346|SRID=4326;POINT(-77.0289032 -12.1190346)
19|-77.0292257|-12.1169466|SRID=4326;POINT(-77.0292257 -12.1169466)
18|-77.029064|-12.117889|SRID=4326;POINT(-77.029064 -12.117889)
863|-77.009512|-12.1242525|SRID=4326;POINT(-77.009512 -12.1242525)
862|-77.0243661|-12.11999|SRID=4326;POINT(-77.0243661 -12.11999)
865|-77.0091877|-12.1250003|SRID=4326;POINT(-77.0091877 -12.1250003)
864|-77.009143|-12.1246889|SRID=4326;POINT(-77.009143 -12.1246889)
867|-77.0095791|-12.1275322|SRID=4326;POINT(-77.0095791 -12.1275322)
866|-77.0094732|-12.1268528|SRID=4326;POINT(-77.0094732 -12.1268528)
1198|-77.0492773|-12.1124205|SRID=4326;POINT(-77.0492773 -12.1124205)
884|-77.0237871|-12.1256879|SRID=4326;POINT(-77.0237871 -12.1256879)
1248|-77.036849|-12.1139754|SRID=4326;POINT(-77.036849 -12.1139754)
938|-77.0057698|-12.1255868|SRID=4326;POINT(-77.0057698 -12.1255868)
659|-77.0269138|-12.1258478|SRID=4326;POINT(-77.0269138 -12.1258478)
1226|-77.0166229|-12.1204505|SRID=4326;POINT(-77.0166229 -12.1204505)
883|-77.0229211|-12.12837|SRID=4326;POINT(-77.0229211 -12.12837)
753|-77.0146144|-12.1231443|SRID=4326;POINT(-77.0146144 -12.1231443)
881|-77.0232382|-12.1273798|SRID=4326;POINT(-77.0232382 -12.1273798)
880|-77.0224615|-12.1297596|SRID=4326;POINT(-77.0224615 -12.1297596)
887|-77.0232059|-12.1254084|SRID=4326;POINT(-77.0232059 -12.1254084)
831|-77.0161895|-12.1265109|SRID=4326;POINT(-77.0161895 -12.1265109)
885|-77.0206445|-12.1226254|SRID=4326;POINT(-77.0206445 -12.1226254)
752|-77.0137218|-12.1231275|SRID=4326;POINT(-77.0137218 -12.1231275)
928|-77.0075551|-12.1265434|SRID=4326;POINT(-77.0075551 -12.1265434)
62|-77.0238698|-12.1198492|SRID=4326;POINT(-77.0238698 -12.1198492)
888|-77.0182191|-12.1206588|SRID=4326;POINT(-77.0182191 -12.1206588)
1012|-77.0180089|-12.1296213|SRID=4326;POINT(-77.0180089 -12.1296213)
1032|-77.0334985|-12.116932|SRID=4326;POINT(-77.0334985 -12.116932)
950|-77.0089628|-12.1188256|SRID=4326;POINT(-77.0089628 -12.1188256)
756|-77.0202282|-12.1223062|SRID=4326;POINT(-77.0202282 -12.1223062)
1179|-77.0235664|-12.1317776|SRID=4326;POINT(-77.0235664 -12.1317776)
929|-77.0067829|-12.1272603|SRID=4326;POINT(-77.0067829 -12.1272603)
809|-77.0126747|-12.118747|SRID=4326;POINT(-77.0126747 -12.118747)
322|-77.0258933|-12.1235023|SRID=4326;POINT(-77.0258933 -12.1235023)
323|-77.0258772|-12.1229817|SRID=4326;POINT(-77.0258772 -12.1229817)
320|-77.0259611|-12.1260126|SRID=4326;POINT(-77.0259611 -12.1260126)
321|-77.0259375|-12.124996|SRID=4326;POINT(-77.0259375 -12.124996)
326|-77.0313842|-12.118994|SRID=4326;POINT(-77.0313842 -12.118994)
327|-77.0313858|-12.1179733|SRID=4326;POINT(-77.0313858 -12.1179733)
324|-77.0258656|-12.1225742|SRID=4326;POINT(-77.0258656 -12.1225742)
325|-77.025847|-12.1221614|SRID=4326;POINT(-77.025847 -12.1221614)
1224|-77.0295839|-12.1270008|SRID=4326;POINT(-77.0295839 -12.1270008)
328|-77.0313481|-12.116965|SRID=4326;POINT(-77.0313481 -12.116965)
329|-77.031328|-12.1159113|SRID=4326;POINT(-77.031328 -12.1159113)
759|-77.0215751|-12.1301077|SRID=4326;POINT(-77.0215751 -12.1301077)
201|-77.0276519|-12.1203932|SRID=4326;POINT(-77.0276519 -12.1203932)
200|-77.0262967|-12.1357696|SRID=4326;POINT(-77.0262967 -12.1357696)
203|-77.0277721|-12.1223569|SRID=4326;POINT(-77.0277721 -12.1223569)
202|-77.0277034|-12.1214926|SRID=4326;POINT(-77.0277034 -12.1214926)
205|-77.0279255|-12.1246994|SRID=4326;POINT(-77.0279255 -12.1246994)
204|-77.0277995|-12.1231814|SRID=4326;POINT(-77.0277995 -12.1231814)
207|-77.0280913|-12.1274611|SRID=4326;POINT(-77.0280913 -12.1274611)
206|-77.0279786|-12.1256881|SRID=4326;POINT(-77.0279786 -12.1256881)
209|-77.0284432|-12.1326638|SRID=4326;POINT(-77.0284432 -12.1326638)
208|-77.0284432|-12.1325664|SRID=4326;POINT(-77.0284432 -12.1325664)
779|-77.0136483|-12.1269044|SRID=4326;POINT(-77.0136483 -12.1269044)
778|-77.0129322|-12.1218939|SRID=4326;POINT(-77.0129322 -12.1218939)
889|-77.0133356|-12.1205344|SRID=4326;POINT(-77.0133356 -12.1205344)
77|-77.0244177|-12.1299198|SRID=4326;POINT(-77.0244177 -12.1299198)
76|-77.0260485|-12.1292569|SRID=4326;POINT(-77.0260485 -12.1292569)
75|-77.0267164|-12.1289946|SRID=4326;POINT(-77.0267164 -12.1289946)
74|-77.0281342|-12.1284094|SRID=4326;POINT(-77.0281342 -12.1284094)
73|-77.0296553|-12.127746|SRID=4326;POINT(-77.0296553 -12.127746)
72|-77.0310165|-12.1272095|SRID=4326;POINT(-77.0310165 -12.1272095)
71|-77.0320532|-12.1267843|SRID=4326;POINT(-77.0320532 -12.1267843)
70|-77.0326766|-12.1265314|SRID=4326;POINT(-77.0326766 -12.1265314)
655|-77.0266831|-12.1174789|SRID=4326;POINT(-77.0266831 -12.1174789)
79|-77.0289839|-12.1301212|SRID=4326;POINT(-77.0289839 -12.1301212)
78|-77.0288638|-12.1290052|SRID=4326;POINT(-77.0288638 -12.1290052)
2|-77.0101385|-12.1205261|SRID=4326;POINT(-77.0101385 -12.1205261)
1042|-77.033485|-12.1138307|SRID=4326;POINT(-77.033485 -12.1138307)
1041|-77.0334936|-12.113895|SRID=4326;POINT(-77.0334936 -12.113895)
1040|-77.0263706|-12.1113893|SRID=4326;POINT(-77.0263706 -12.1113893)
1047|-77.029265|-12.1104953|SRID=4326;POINT(-77.029265 -12.1104953)
1043|-77.0334466|-12.1132081|SRID=4326;POINT(-77.0334466 -12.1132081)
1045|-77.0332971|-12.1116578|SRID=4326;POINT(-77.0332971 -12.1116578)
1044|-77.0333143|-12.1119767|SRID=4326;POINT(-77.0333143 -12.1119767)
1049|-77.0264908|-12.1103487|SRID=4326;POINT(-77.0264908 -12.1103487)
1048|-77.0281956|-12.1104208|SRID=4326;POINT(-77.0281956 -12.1104208)
1222|-77.0357439|-12.1230478|SRID=4326;POINT(-77.0357439 -12.1230478)
805|-77.0146379|-12.1268723|SRID=4326;POINT(-77.0146379 -12.1268723)
804|-77.0146207|-12.1267592|SRID=4326;POINT(-77.0146207 -12.1267592)
1142|-77.0096469|-12.1287093|SRID=4326;POINT(-77.0096469 -12.1287093)
1143|-77.0327167|-12.1080176|SRID=4326;POINT(-77.0327167 -12.1080176)
1140|-77.0370754|-12.1268082|SRID=4326;POINT(-77.0370754 -12.1268082)
1141|-77.0293951|-12.1244797|SRID=4326;POINT(-77.0293951 -12.1244797)
1146|-77.0335406|-12.1189746|SRID=4326;POINT(-77.0335406 -12.1189746)
1147|-77.037399|-12.1164861|SRID=4326;POINT(-77.037399 -12.1164861)
669|-77.0244082|-12.1255695|SRID=4326;POINT(-77.0244082 -12.1255695)
668|-77.026476|-12.1297217|SRID=4326;POINT(-77.026476 -12.1297217)
667|-77.0267961|-12.1322995|SRID=4326;POINT(-77.0267961 -12.1322995)
666|-77.0258382|-12.1335001|SRID=4326;POINT(-77.0258382 -12.1335001)
665|-77.0253079|-12.1338661|SRID=4326;POINT(-77.0253079 -12.1338661)
664|-77.0172237|-12.1223387|SRID=4326;POINT(-77.0172237 -12.1223387)
663|-77.0277549|-12.1331873|SRID=4326;POINT(-77.0277549 -12.1331873)
662|-77.0277463|-12.1330866|SRID=4326;POINT(-77.0277463 -12.1330866)
661|-77.0243579|-12.127089|SRID=4326;POINT(-77.0243579 -12.127089)
660|-77.0294338|-12.1254635|SRID=4326;POINT(-77.0294338 -12.1254635)
1221|-77.0356165|-12.123171|SRID=4326;POINT(-77.0356165 -12.123171)
769|-77.0230777|-12.1348852|SRID=4326;POINT(-77.0230777 -12.1348852)
692|-77.0038082|-12.1284126|SRID=4326;POINT(-77.0038082 -12.1284126)
693|-77.0244517|-12.1252382|SRID=4326;POINT(-77.0244517 -12.1252382)
690|-77.0044862|-12.1283371|SRID=4326;POINT(-77.0044862 -12.1283371)
691|-77.0015608|-12.1286863|SRID=4326;POINT(-77.0015608 -12.1286863)
696|-77.0236525|-12.1254849|SRID=4326;POINT(-77.0236525 -12.1254849)
697|-77.0231831|-12.1255551|SRID=4326;POINT(-77.0231831 -12.1255551)
694|-77.0269026|-12.1248524|SRID=4326;POINT(-77.0269026 -12.1248524)
695|-77.0238629|-12.1254504|SRID=4326;POINT(-77.0238629 -12.1254504)
698|-77.0210801|-12.1258713|SRID=4326;POINT(-77.0210801 -12.1258713)
699|-77.0202573|-12.1260021|SRID=4326;POINT(-77.0202573 -12.1260021)
542|-77.0425286|-12.1214303|SRID=4326;POINT(-77.0425286 -12.1214303)
543|-77.0416282|-12.1205487|SRID=4326;POINT(-77.0416282 -12.1205487)
540|-77.0381215|-12.121013|SRID=4326;POINT(-77.0381215 -12.121013)
541|-77.0381216|-12.1201287|SRID=4326;POINT(-77.0381216 -12.1201287)
546|-77.0402949|-12.1192557|SRID=4326;POINT(-77.0402949 -12.1192557)
547|-77.0423199|-12.1200812|SRID=4326;POINT(-77.0423199 -12.1200812)
544|-77.0411719|-12.1200953|SRID=4326;POINT(-77.0411719 -12.1200953)
545|-77.0410627|-12.1199722|SRID=4326;POINT(-77.0410627 -12.1199722)
8|-77.0297564|-12.1298024|SRID=4326;POINT(-77.0297564 -12.1298024)
548|-77.0416484|-12.1189083|SRID=4326;POINT(-77.0416484 -12.1189083)
549|-77.0416756|-12.122118|SRID=4326;POINT(-77.0416756 -12.122118)
68|-77.0240953|-12.1198893|SRID=4326;POINT(-77.0240953 -12.1198893)
598|-77.0484549|-12.1132733|SRID=4326;POINT(-77.0484549 -12.1132733)
995|-77.0147109|-12.1285079|SRID=4326;POINT(-77.0147109 -12.1285079)
869|-77.0093374|-12.126872|SRID=4326;POINT(-77.0093374 -12.126872)
997|-77.0171411|-12.1299402|SRID=4326;POINT(-77.0171411 -12.1299402)
996|-77.0167463|-12.1294535|SRID=4326;POINT(-77.0167463 -12.1294535)
991|-77.01076|-12.128653|SRID=4326;POINT(-77.01076 -12.128653)
990|-77.010742|-12.1291499|SRID=4326;POINT(-77.010742 -12.1291499)
993|-77.0106035|-12.1274924|SRID=4326;POINT(-77.0106035 -12.1274924)
868|-77.0094494|-12.1275516|SRID=4326;POINT(-77.0094494 -12.1275516)
999|-77.0146177|-12.127943|SRID=4326;POINT(-77.0146177 -12.127943)
998|-77.0173471|-12.1303346|SRID=4326;POINT(-77.0173471 -12.1303346)
120|-77.0220316|-12.1216374|SRID=4326;POINT(-77.0220316 -12.1216374)
121|-77.0224865|-12.1222919|SRID=4326;POINT(-77.0224865 -12.1222919)
122|-77.0230273|-12.1230807|SRID=4326;POINT(-77.0230273 -12.1230807)
123|-77.0234891|-12.1235371|SRID=4326;POINT(-77.0234891 -12.1235371)
124|-77.023877|-12.123636|SRID=4326;POINT(-77.023877 -12.123636)
125|-77.0243007|-12.1237406|SRID=4326;POINT(-77.0243007 -12.1237406)
126|-77.0341836|-12.1269861|SRID=4326;POINT(-77.0341836 -12.1269861)
127|-77.0336359|-12.1272094|SRID=4326;POINT(-77.0336359 -12.1272094)
128|-77.0297386|-12.1286641|SRID=4326;POINT(-77.0297386 -12.1286641)
129|-77.0281857|-12.1292737|SRID=4326;POINT(-77.0281857 -12.1292737)
765|-77.0194929|-12.1291697|SRID=4326;POINT(-77.0194929 -12.1291697)
1016|-77.0363495|-12.126072|SRID=4326;POINT(-77.0363495 -12.126072)
1257|-77.0316295|-12.1037366|SRID=4326;POINT(-77.0316295 -12.1037366)
1128|-77.0253708|-12.1230189|SRID=4326;POINT(-77.0253708 -12.1230189)
1010|-77.0163127|-12.1301882|SRID=4326;POINT(-77.0163127 -12.1301882)
1189|-77.0236293|-12.1261429|SRID=4326;POINT(-77.0236293 -12.1261429)
1011|-77.0179874|-12.1303846|SRID=4326;POINT(-77.0179874 -12.1303846)
414|-77.0399086|-12.1141262|SRID=4326;POINT(-77.0399086 -12.1141262)
415|-77.0358286|-12.1189645|SRID=4326;POINT(-77.0358286 -12.1189645)
416|-77.0358176|-12.1179297|SRID=4326;POINT(-77.0358176 -12.1179297)
417|-77.0358235|-12.1169014|SRID=4326;POINT(-77.0358235 -12.1169014)
410|-77.0356966|-12.1115838|SRID=4326;POINT(-77.0356966 -12.1115838)
411|-77.0368074|-12.1115747|SRID=4326;POINT(-77.0368074 -12.1115747)
412|-77.0380418|-12.1140388|SRID=4326;POINT(-77.0380418 -12.1140388)
413|-77.0389408|-12.1140726|SRID=4326;POINT(-77.0389408 -12.1140726)
920|-77.0044051|-12.1267113|SRID=4326;POINT(-77.0044051 -12.1267113)
498|-77.0334838|-12.1150327|SRID=4326;POINT(-77.0334838 -12.1150327)
922|-77.0043872|-12.1253893|SRID=4326;POINT(-77.0043872 -12.1253893)
923|-77.0063297|-12.1280355|SRID=4326;POINT(-77.0063297 -12.1280355)
418|-77.0358092|-12.1158686|SRID=4326;POINT(-77.0358092 -12.1158686)
419|-77.0357876|-12.1139955|SRID=4326;POINT(-77.0357876 -12.1139955)
776|-77.0115621|-12.1220857|SRID=4326;POINT(-77.0115621 -12.1220857)
499|-77.0334979|-12.1157495|SRID=4326;POINT(-77.0334979 -12.1157495)
319|-77.0260252|-12.12828|SRID=4326;POINT(-77.0260252 -12.12828)
318|-77.0261102|-12.1310169|SRID=4326;POINT(-77.0261102 -12.1310169)
1235|-77.0015|-12.1285607|SRID=4326;POINT(-77.0015 -12.1285607)
313|-77.0423073|-12.1194391|SRID=4326;POINT(-77.0423073 -12.1194391)
312|-77.0416334|-12.1200896|SRID=4326;POINT(-77.0416334 -12.1200896)
311|-77.0412549|-12.1205306|SRID=4326;POINT(-77.0412549 -12.1205306)
310|-77.0407722|-12.1210209|SRID=4326;POINT(-77.0407722 -12.1210209)
317|-77.0410662|-12.1190664|SRID=4326;POINT(-77.0410662 -12.1190664)
316|-77.0416152|-12.1190586|SRID=4326;POINT(-77.0416152 -12.1190586)
315|-77.0424708|-12.1190485|SRID=4326;POINT(-77.0424708 -12.1190485)
314|-77.0425695|-12.1192029|SRID=4326;POINT(-77.0425695 -12.1192029)
1237|-77.051933|-12.1098337|SRID=4326;POINT(-77.051933 -12.1098337)
1177|-77.0227252|-12.1304182|SRID=4326;POINT(-77.0227252 -12.1304182)
861|-77.02301|-12.1245318|SRID=4326;POINT(-77.02301 -12.1245318)
921|-77.0038422|-12.1262047|SRID=4326;POINT(-77.0038422 -12.1262047)
1126|-77.025097|-12.1226163|SRID=4326;POINT(-77.025097 -12.1226163)
1181|-77.0138357|-12.1270922|SRID=4326;POINT(-77.0138357 -12.1270922)
496|-77.0295729|-12.1159231|SRID=4326;POINT(-77.0295729 -12.1159231)
1134|-77.0130695|-12.1218771|SRID=4326;POINT(-77.0130695 -12.1218771)
832|-77.0160014|-12.1252978|SRID=4326;POINT(-77.0160014 -12.1252978)
833|-77.016376|-12.1279456|SRID=4326;POINT(-77.016376 -12.1279456)
830|-77.0162095|-12.1266235|SRID=4326;POINT(-77.0162095 -12.1266235)
497|-77.0294865|-12.1159272|SRID=4326;POINT(-77.0294865 -12.1159272)
836|-77.013756|-12.1276984|SRID=4326;POINT(-77.013756 -12.1276984)
837|-77.0131231|-12.127803|SRID=4326;POINT(-77.0131231 -12.127803)
834|-77.0145479|-12.127568|SRID=4326;POINT(-77.0145479 -12.127568)
835|-77.0139409|-12.1276726|SRID=4326;POINT(-77.0139409 -12.1276726)
838|-77.0116795|-12.1280169|SRID=4326;POINT(-77.0116795 -12.1280169)
839|-77.0158782|-12.1285247|SRID=4326;POINT(-77.0158782 -12.1285247)
808|-77.0132068|-12.1187554|SRID=4326;POINT(-77.0132068 -12.1187554)
3|-77.0426634|-12.1186727|SRID=4326;POINT(-77.0426634 -12.1186727)
725|-77.0189878|-12.1252307|SRID=4326;POINT(-77.0189878 -12.1252307)
1255|-77.0133278|-12.120373|SRID=4326;POINT(-77.0133278 -12.120373)
368|-77.0310238|-12.1137329|SRID=4326;POINT(-77.0310238 -12.1137329)
369|-77.031003|-12.1138034|SRID=4326;POINT(-77.031003 -12.1138034)
366|-77.0196697|-12.1214392|SRID=4326;POINT(-77.0196697 -12.1214392)
367|-77.018983|-12.121884|SRID=4326;POINT(-77.018983 -12.121884)
364|-77.0204765|-12.120877|SRID=4326;POINT(-77.0204765 -12.120877)
365|-77.019807|-12.1213301|SRID=4326;POINT(-77.019807 -12.1213301)
362|-77.0221502|-12.1202056|SRID=4326;POINT(-77.0221502 -12.1202056)
363|-77.0207168|-12.1207259|SRID=4326;POINT(-77.0207168 -12.1207259)
360|-77.0212513|-12.1196534|SRID=4326;POINT(-77.0212513 -12.1196534)
361|-77.0229051|-12.1207127|SRID=4326;POINT(-77.0229051 -12.1207127)
959|-77.0087039|-12.1223122|SRID=4326;POINT(-77.0087039 -12.1223122)
1168|-77.0295369|-12.1032533|SRID=4326;POINT(-77.0295369 -12.1032533)
1138|-77.0302159|-12.1116174|SRID=4326;POINT(-77.0302159 -12.1116174)
952|-77.01057|-12.11987|SRID=4326;POINT(-77.01057 -12.11987)
1238|-77.0013549|-12.1285908|SRID=4326;POINT(-77.0013549 -12.1285908)
882|-77.0180721|-12.1275857|SRID=4326;POINT(-77.0180721 -12.1275857)
1239|-77.010158|-12.1158395|SRID=4326;POINT(-77.010158 -12.1158395)
380|-77.0304581|-12.1105917|SRID=4326;POINT(-77.0304581 -12.1105917)
381|-77.0303851|-12.1105835|SRID=4326;POINT(-77.0303851 -12.1105835)
382|-77.0309847|-12.10664|SRID=4326;POINT(-77.0309847 -12.10664)
383|-77.0311196|-12.1066611|SRID=4326;POINT(-77.0311196 -12.1066611)
384|-77.032139|-12.1068377|SRID=4326;POINT(-77.032139 -12.1068377)
385|-77.0329083|-12.1069501|SRID=4326;POINT(-77.0329083 -12.1069501)
386|-77.033916|-12.1071073|SRID=4326;POINT(-77.033916 -12.1071073)
387|-77.0335368|-12.1095382|SRID=4326;POINT(-77.0335368 -12.1095382)
388|-77.0306125|-12.1095359|SRID=4326;POINT(-77.0306125 -12.1095359)
389|-77.0304681|-12.1095358|SRID=4326;POINT(-77.0304681 -12.1095358)
784|-77.0137304|-12.1218352|SRID=4326;POINT(-77.0137304 -12.1218352)
785|-77.0137733|-12.1205428|SRID=4326;POINT(-77.0137733 -12.1205428)
786|-77.0137819|-12.1203918|SRID=4326;POINT(-77.0137819 -12.1203918)
787|-77.0138056|-12.1195921|SRID=4326;POINT(-77.0138056 -12.1195921)
780|-77.0136652|-12.1262961|SRID=4326;POINT(-77.0136652 -12.1262961)
781|-77.0136698|-12.1259303|SRID=4326;POINT(-77.0136698 -12.1259303)
782|-77.0136772|-12.1252432|SRID=4326;POINT(-77.0136772 -12.1252432)
783|-77.013696|-12.1243023|SRID=4326;POINT(-77.013696 -12.1243023)
788|-77.0146144|-12.1222715|SRID=4326;POINT(-77.0146144 -12.1222715)
789|-77.014623|-12.1218352|SRID=4326;POINT(-77.014623 -12.1218352)
1174|-77.0208916|-12.1223827|SRID=4326;POINT(-77.0208916 -12.1223827)
860|-77.0206807|-12.1304048|SRID=4326;POINT(-77.0206807 -12.1304048)
1253|-77.0530586|-12.1085527|SRID=4326;POINT(-77.0530586 -12.1085527)
1223|-77.0358665|-12.1229098|SRID=4326;POINT(-77.0358665 -12.1229098)
1252|-77.0274218|-12.1190686|SRID=4326;POINT(-77.0274218 -12.1190686)
605|-77.0484787|-12.11028|SRID=4326;POINT(-77.0484787 -12.11028)
579|-77.0429048|-12.11483|SRID=4326;POINT(-77.0429048 -12.11483)
578|-77.0435597|-12.1154235|SRID=4326;POINT(-77.0435597 -12.1154235)
604|-77.0485492|-12.1103481|SRID=4326;POINT(-77.0485492 -12.1103481)
573|-77.0428784|-12.1161424|SRID=4326;POINT(-77.0428784 -12.1161424)
572|-77.0435076|-12.1167349|SRID=4326;POINT(-77.0435076 -12.1167349)
571|-77.044272|-12.1175048|SRID=4326;POINT(-77.044272 -12.1175048)
570|-77.0450466|-12.1181947|SRID=4326;POINT(-77.0450466 -12.1181947)
577|-77.0441978|-12.1160495|SRID=4326;POINT(-77.0441978 -12.1160495)
576|-77.0450001|-12.1167895|SRID=4326;POINT(-77.0450001 -12.1167895)
575|-77.0453424|-12.117129|SRID=4326;POINT(-77.0453424 -12.117129)
574|-77.0422273|-12.115509|SRID=4326;POINT(-77.0422273 -12.115509)
60|-77.0221376|-12.1210621|SRID=4326;POINT(-77.0221376 -12.1210621)
61|-77.0227939|-12.1205832|SRID=4326;POINT(-77.0227939 -12.1205832)
258|-77.0359315|-12.1267007|SRID=4326;POINT(-77.0359315 -12.1267007)
259|-77.0358809|-12.1260229|SRID=4326;POINT(-77.0358809 -12.1260229)
64|-77.0203093|-12.1221591|SRID=4326;POINT(-77.0203093 -12.1221591)
65|-77.0216483|-12.1210621|SRID=4326;POINT(-77.0216483 -12.1210621)
66|-77.0251693|-12.1192159|SRID=4326;POINT(-77.0251693 -12.1192159)
67|-77.0244428|-12.1196658|SRID=4326;POINT(-77.0244428 -12.1196658)
252|-77.035883|-12.1243577|SRID=4326;POINT(-77.035883 -12.1243577)
69|-77.0336086|-12.1261469|SRID=4326;POINT(-77.0336086 -12.1261469)
250|-77.0339195|-12.1243908|SRID=4326;POINT(-77.0339195 -12.1243908)
251|-77.0348462|-12.1243863|SRID=4326;POINT(-77.0348462 -12.1243863)
256|-77.0340511|-12.1249639|SRID=4326;POINT(-77.0340511 -12.1249639)
257|-77.0359662|-12.1270555|SRID=4326;POINT(-77.0359662 -12.1270555)
254|-77.037372|-12.1243626|SRID=4326;POINT(-77.037372 -12.1243626)
255|-77.0348617|-12.1249852|SRID=4326;POINT(-77.0348617 -12.1249852)
603|-77.0499229|-12.1116518|SRID=4326;POINT(-77.0499229 -12.1116518)
1172|-77.0259696|-12.1314785|SRID=4326;POINT(-77.0259696 -12.1314785)
602|-77.0499705|-12.1117166|SRID=4326;POINT(-77.0499705 -12.1117166)
939|-77.0083791|-12.1251252|SRID=4326;POINT(-77.0083791 -12.1251252)
731|-77.0202603|-12.1258688|SRID=4326;POINT(-77.0202603 -12.1258688)
730|-77.0202276|-12.1268182|SRID=4326;POINT(-77.0202276 -12.1268182)
733|-77.0196428|-12.1241466|SRID=4326;POINT(-77.0196428 -12.1241466)
732|-77.0202448|-12.1254323|SRID=4326;POINT(-77.0202448 -12.1254323)
735|-77.0190081|-12.1243726|SRID=4326;POINT(-77.0190081 -12.1243726)
734|-77.0190002|-12.1232182|SRID=4326;POINT(-77.0190002 -12.1232182)
508|-77.041082|-12.1162063|SRID=4326;POINT(-77.041082 -12.1162063)
509|-77.0401971|-12.1161999|SRID=4326;POINT(-77.0401971 -12.1161999)
506|-77.0373094|-12.1164905|SRID=4326;POINT(-77.0373094 -12.1164905)
507|-77.0415197|-12.1161979|SRID=4326;POINT(-77.0415197 -12.1161979)
504|-77.0419379|-12.1170836|SRID=4326;POINT(-77.0419379 -12.1170836)
505|-77.0370424|-12.116499|SRID=4326;POINT(-77.0370424 -12.116499)
502|-77.0400606|-12.1171126|SRID=4326;POINT(-77.0400606 -12.1171126)
503|-77.0410906|-12.1170874|SRID=4326;POINT(-77.0410906 -12.1170874)
500|-77.0370451|-12.1171269|SRID=4326;POINT(-77.0370451 -12.1171269)
501|-77.0389686|-12.117121|SRID=4326;POINT(-77.0389686 -12.117121)
630|-77.0171979|-12.1233121|SRID=4326;POINT(-77.0171979 -12.1233121)
631|-77.0171979|-12.1231946|SRID=4326;POINT(-77.0171979 -12.1231946)
632|-77.0347759|-12.1282532|SRID=4326;POINT(-77.0347759 -12.1282532)
633|-77.0259305|-12.1199244|SRID=4326;POINT(-77.0259305 -12.1199244)
469|-77.0263135|-12.1124023|SRID=4326;POINT(-77.0263135 -12.1124023)
468|-77.0264225|-12.1095074|SRID=4326;POINT(-77.0264225 -12.1095074)
636|-77.0257637|-12.1204238|SRID=4326;POINT(-77.0257637 -12.1204238)
637|-77.0267329|-12.1204031|SRID=4326;POINT(-77.0267329 -12.1204031)
465|-77.0273051|-12.1136436|SRID=4326;POINT(-77.0273051 -12.1136436)
464|-77.0273072|-12.1135354|SRID=4326;POINT(-77.0273072 -12.1135354)
467|-77.0272874|-12.1153628|SRID=4326;POINT(-77.0272874 -12.1153628)
466|-77.0272595|-12.1145605|SRID=4326;POINT(-77.0272595 -12.1145605)
461|-77.0274344|-12.1103922|SRID=4326;POINT(-77.0274344 -12.1103922)
460|-77.0274619|-12.1093458|SRID=4326;POINT(-77.0274619 -12.1093458)
463|-77.0273419|-12.1124937|SRID=4326;POINT(-77.0273419 -12.1124937)
462|-77.0273869|-12.1114104|SRID=4326;POINT(-77.0273869 -12.1114104)
901|-77.002907|-12.126608|SRID=4326;POINT(-77.002907 -12.126608)
168|-77.0406528|-12.1099207|SRID=4326;POINT(-77.0406528 -12.1099207)
169|-77.0392754|-12.1113302|SRID=4326;POINT(-77.0392754 -12.1113302)
164|-77.0401233|-12.1121696|SRID=4326;POINT(-77.0401233 -12.1121696)
165|-77.0409031|-12.1113787|SRID=4326;POINT(-77.0409031 -12.1113787)
166|-77.0415137|-12.1107346|SRID=4326;POINT(-77.0415137 -12.1107346)
167|-77.0422439|-12.1100465|SRID=4326;POINT(-77.0422439 -12.1100465)
160|-77.0399516|-12.1106255|SRID=4326;POINT(-77.0399516 -12.1106255)
161|-77.0408357|-12.1114563|SRID=4326;POINT(-77.0408357 -12.1114563)
162|-77.0391178|-12.1131619|SRID=4326;POINT(-77.0391178 -12.1131619)
163|-77.0396604|-12.1126313|SRID=4326;POINT(-77.0396604 -12.1126313)
964|-77.0082504|-12.1210783|SRID=4326;POINT(-77.0082504 -12.1210783)
965|-77.0095536|-12.122371|SRID=4326;POINT(-77.0095536 -12.122371)
966|-77.0101974|-12.1233696|SRID=4326;POINT(-77.0101974 -12.1233696)
967|-77.0101686|-12.1241112|SRID=4326;POINT(-77.0101686 -12.1241112)
960|-77.0091073|-12.1219178|SRID=4326;POINT(-77.0091073 -12.1219178)
961|-77.0095365|-12.1214395|SRID=4326;POINT(-77.0095365 -12.1214395)
962|-77.0098798|-12.120936|SRID=4326;POINT(-77.0098798 -12.120936)
963|-77.0077424|-12.1206585|SRID=4326;POINT(-77.0077424 -12.1206585)
1129|-77.0249958|-12.1230339|SRID=4326;POINT(-77.0249958 -12.1230339)
968|-77.0088756|-12.1231262|SRID=4326;POINT(-77.0088756 -12.1231262)
969|-77.0084992|-12.1237826|SRID=4326;POINT(-77.0084992 -12.1237826)
936|-77.0048514|-12.1249574|SRID=4326;POINT(-77.0048514 -12.1249574)
1106|-77.023553|-12.132254|SRID=4326;POINT(-77.023553 -12.132254)
1107|-77.0433872|-12.1126936|SRID=4326;POINT(-77.0433872 -12.1126936)
1104|-77.0403323|-12.1187499|SRID=4326;POINT(-77.0403323 -12.1187499)
1105|-77.0432424|-12.1125664|SRID=4326;POINT(-77.0432424 -12.1125664)
1102|-77.0463126|-12.1138752|SRID=4326;POINT(-77.0463126 -12.1138752)
935|-77.006046|-12.1232012|SRID=4326;POINT(-77.006046 -12.1232012)
1100|-77.0282185|-12.1395519|SRID=4326;POINT(-77.0282185 -12.1395519)
1101|-77.0456746|-12.1132241|SRID=4326;POINT(-77.0456746 -12.1132241)
1217|-77.0276838|-12.1039371|SRID=4326;POINT(-77.0276838 -12.1039371)
934|-77.0064194|-12.1226274|SRID=4326;POINT(-77.0064194 -12.1226274)
908|-77.0052634|-12.1266777|SRID=4326;POINT(-77.0052634 -12.1266777)
1108|-77.0528992|-12.1089697|SRID=4326;POINT(-77.0528992 -12.1089697)
1109|-77.0528636|-12.1089226|SRID=4326;POINT(-77.0528636 -12.1089226)
909|-77.0057807|-12.1281248|SRID=4326;POINT(-77.0057807 -12.1281248)
1096|-77.0369455|-12.1249544|SRID=4326;POINT(-77.0369455 -12.1249544)
1090|-77.035539|-12.1299735|SRID=4326;POINT(-77.035539 -12.1299735)
1091|-77.0440621|-12.1117175|SRID=4326;POINT(-77.0440621 -12.1117175)
1241|-77.0368766|-12.1179348|SRID=4326;POINT(-77.0368766 -12.1179348)
600|-77.0483861|-12.1130387|SRID=4326;POINT(-77.0483861 -12.1130387)
878|-77.0239055|-12.1253273|SRID=4326;POINT(-77.0239055 -12.1253273)
879|-77.0210833|-12.1329889|SRID=4326;POINT(-77.0210833 -12.1329889)
876|-77.009143|-12.1242106|SRID=4326;POINT(-77.009143 -12.1242106)
877|-77.0205112|-12.1224366|SRID=4326;POINT(-77.0205112 -12.1224366)
874|-77.0089713|-12.1240092|SRID=4326;POINT(-77.0089713 -12.1240092)
875|-77.0091773|-12.1240679|SRID=4326;POINT(-77.0091773 -12.1240679)
872|-77.0084992|-12.1240176|SRID=4326;POINT(-77.0084992 -12.1240176)
873|-77.0089713|-12.1242106|SRID=4326;POINT(-77.0089713 -12.1242106)
870|-77.0090165|-12.1250338|SRID=4326;POINT(-77.0090165 -12.1250338)
871|-77.0089541|-12.1246217|SRID=4326;POINT(-77.0089541 -12.1246217)
1155|-77.0359458|-12.1230249|SRID=4326;POINT(-77.0359458 -12.1230249)
1242|-77.0291397|-12.1189885|SRID=4326;POINT(-77.0291397 -12.1189885)
1154|-77.041254|-12.1200943|SRID=4326;POINT(-77.041254 -12.1200943)
9|-77.029655|-12.1286964|SRID=4326;POINT(-77.029655 -12.1286964)
1245|-77.0182596|-12.1194459|SRID=4326;POINT(-77.0182596 -12.1194459)
1158|-77.0361319|-12.1234435|SRID=4326;POINT(-77.0361319 -12.1234435)
1157|-77.036147|-12.1231933|SRID=4326;POINT(-77.036147 -12.1231933)
1244|-77.034793|-12.1289581|SRID=4326;POINT(-77.034793 -12.1289581)
890|-77.0088251|-12.1178491|SRID=4326;POINT(-77.0088251 -12.1178491)
891|-77.0084255|-12.118459|SRID=4326;POINT(-77.0084255 -12.118459)
892|-77.0075496|-12.1197502|SRID=4326;POINT(-77.0075496 -12.1197502)
893|-77.0071737|-12.1202871|SRID=4326;POINT(-77.0071737 -12.1202871)
894|-77.0065509|-12.1212508|SRID=4326;POINT(-77.0065509 -12.1212508)
647|-77.0283296|-12.120852|SRID=4326;POINT(-77.0283296 -12.120852)
896|-77.0058424|-12.1222676|SRID=4326;POINT(-77.0058424 -12.1222676)
897|-77.0051534|-12.1233042|SRID=4326;POINT(-77.0051534 -12.1233042)
1169|-77.0293882|-12.1042042|SRID=4326;POINT(-77.0293882 -12.1042042)
899|-77.0039522|-12.1250941|SRID=4326;POINT(-77.0039522 -12.1250941)
1087|-77.0325676|-12.1306249|SRID=4326;POINT(-77.0325676 -12.1306249)
646|-77.0290097|-12.121318|SRID=4326;POINT(-77.0290097 -12.121318)
1099|-77.0384138|-12.1262259|SRID=4326;POINT(-77.0384138 -12.1262259)
649|-77.0253998|-12.1213589|SRID=4326;POINT(-77.0253998 -12.1213589)
1199|-77.0172982|-12.126448|SRID=4326;POINT(-77.0172982 -12.126448)
1247|-77.0266977|-12.1191788|SRID=4326;POINT(-77.0266977 -12.1191788)
1153|-77.0299324|-12.1137763|SRID=4326;POINT(-77.0299324 -12.1137763)
648|-77.0258541|-12.1196526|SRID=4326;POINT(-77.0258541 -12.1196526)
1152|-77.0376446|-12.111242|SRID=4326;POINT(-77.0376446 -12.111242)
1086|-77.0327651|-12.1296179|SRID=4326;POINT(-77.0327651 -12.1296179)
357|-77.0228969|-12.1246454|SRID=4326;POINT(-77.0228969 -12.1246454)
356|-77.0226333|-12.1249278|SRID=4326;POINT(-77.0226333 -12.1249278)
355|-77.0225461|-12.1250391|SRID=4326;POINT(-77.0225461 -12.1250391)
354|-77.0220149|-12.12559|SRID=4326;POINT(-77.0220149 -12.12559)
353|-77.0219502|-12.1257449|SRID=4326;POINT(-77.0219502 -12.1257449)
352|-77.0213579|-12.1268522|SRID=4326;POINT(-77.0213579 -12.1268522)
351|-77.0208004|-12.127982|SRID=4326;POINT(-77.0208004 -12.127982)
350|-77.0201744|-12.1292033|SRID=4326;POINT(-77.0201744 -12.1292033)
803|-77.0146488|-12.1257457|SRID=4326;POINT(-77.0146488 -12.1257457)
802|-77.0146311|-12.1263141|SRID=4326;POINT(-77.0146311 -12.1263141)
801|-77.0146391|-12.1259616|SRID=4326;POINT(-77.0146391 -12.1259616)
800|-77.0181764|-12.122003|SRID=4326;POINT(-77.0181764 -12.122003)
807|-77.0130071|-12.1252389|SRID=4326;POINT(-77.0130071 -12.1252389)
806|-77.0130351|-12.1242603|SRID=4326;POINT(-77.0130351 -12.1242603)
359|-77.0211713|-12.1200875|SRID=4326;POINT(-77.0211713 -12.1200875)
358|-77.0212575|-12.1203567|SRID=4326;POINT(-77.0212575 -12.1203567)
216|-77.0234891|-12.1329775|SRID=4326;POINT(-77.0234891 -12.1329775)
217|-77.0254959|-12.1337456|SRID=4326;POINT(-77.0254959 -12.1337456)
214|-77.0256177|-12.1326281|SRID=4326;POINT(-77.0256177 -12.1326281)
215|-77.0241336|-12.1331567|SRID=4326;POINT(-77.0241336 -12.1331567)
212|-77.0267078|-12.1339425|SRID=4326;POINT(-77.0267078 -12.1339425)
213|-77.0261578|-12.1332525|SRID=4326;POINT(-77.0261578 -12.1332525)
210|-77.0273808|-12.1348455|SRID=4326;POINT(-77.0273808 -12.1348455)
211|-77.0267609|-12.1340316|SRID=4326;POINT(-77.0267609 -12.1340316)
762|-77.0221015|-12.1281513|SRID=4326;POINT(-77.0221015 -12.1281513)
763|-77.0223602|-12.1271367|SRID=4326;POINT(-77.0223602 -12.1271367)
760|-77.0216009|-12.130007|SRID=4326;POINT(-77.0216009 -12.130007)
761|-77.0217983|-12.1292518|SRID=4326;POINT(-77.0217983 -12.1292518)
766|-77.0180217|-12.1291678|SRID=4326;POINT(-77.0180217 -12.1291678)
767|-77.0204507|-12.1310056|SRID=4326;POINT(-77.0204507 -12.1310056)
218|-77.0260547|-12.1344497|SRID=4326;POINT(-77.0260547 -12.1344497)
219|-77.0261247|-12.1345327|SRID=4326;POINT(-77.0261247 -12.1345327)
957|-77.0071088|-12.1215949|SRID=4326;POINT(-77.0071088 -12.1215949)
956|-77.0082504|-12.1229124|SRID=4326;POINT(-77.0082504 -12.1229124)
1033|-77.0368662|-12.1168878|SRID=4326;POINT(-77.0368662 -12.1168878)
1178|-77.023575|-12.1274476|SRID=4326;POINT(-77.023575 -12.1274476)
1078|-77.0234546|-12.134893|SRID=4326;POINT(-77.0234546 -12.134893)
1079|-77.0266225|-12.1376458|SRID=4326;POINT(-77.0266225 -12.1376458)
1076|-77.0248936|-12.1351819|SRID=4326;POINT(-77.0248936 -12.1351819)
1077|-77.024469|-12.1350419|SRID=4326;POINT(-77.024469 -12.1350419)
1074|-77.036223|-12.1267339|SRID=4326;POINT(-77.036223 -12.1267339)
1075|-77.0250345|-12.1352501|SRID=4326;POINT(-77.0250345 -12.1352501)
1072|-77.025423|-12.1334526|SRID=4326;POINT(-77.025423 -12.1334526)
1073|-77.024434|-12.1320658|SRID=4326;POINT(-77.024434 -12.1320658)
1070|-77.011736|-12.124149|SRID=4326;POINT(-77.011736 -12.124149)
1071|-77.0233231|-12.1284391|SRID=4326;POINT(-77.0233231 -12.1284391)
289|-77.0389132|-12.123304|SRID=4326;POINT(-77.0389132 -12.123304)
288|-77.0379785|-12.1233106|SRID=4326;POINT(-77.0379785 -12.1233106)
1003|-77.0117978|-12.1299978|SRID=4326;POINT(-77.0117978 -12.1299978)
4|-77.0423|-12.1178951|SRID=4326;POINT(-77.0423 -12.1178951)
281|-77.0337159|-12.1212379|SRID=4326;POINT(-77.0337159 -12.1212379)
280|-77.0336849|-12.122024|SRID=4326;POINT(-77.0336849 -12.122024)
283|-77.0337355|-12.1201824|SRID=4326;POINT(-77.0337355 -12.1201824)
282|-77.0337305|-12.1204082|SRID=4326;POINT(-77.0337305 -12.1204082)
285|-77.0354589|-12.1233173|SRID=4326;POINT(-77.0354589 -12.1233173)
284|-77.0337386|-12.1191362|SRID=4326;POINT(-77.0337386 -12.1191362)
287|-77.0369449|-12.123314|SRID=4326;POINT(-77.0369449 -12.123314)
286|-77.0363209|-12.123309|SRID=4326;POINT(-77.0363209 -12.123309)
1094|-77.0420027|-12.1139648|SRID=4326;POINT(-77.0420027 -12.1139648)
1095|-77.0418542|-12.1138233|SRID=4326;POINT(-77.0418542 -12.1138233)
1083|-77.0234557|-12.1349201|SRID=4326;POINT(-77.0234557 -12.1349201)
1097|-77.0369479|-12.1253671|SRID=4326;POINT(-77.0369479 -12.1253671)
678|-77.0233764|-12.1326871|SRID=4326;POINT(-77.0233764 -12.1326871)
679|-77.0223304|-12.1333803|SRID=4326;POINT(-77.0223304 -12.1333803)
1092|-77.0441938|-12.1118497|SRID=4326;POINT(-77.0441938 -12.1118497)
1093|-77.0449935|-12.1126523|SRID=4326;POINT(-77.0449935 -12.1126523)
674|-77.0238205|-12.1293241|SRID=4326;POINT(-77.0238205 -12.1293241)
675|-77.0236572|-12.1306582|SRID=4326;POINT(-77.0236572 -12.1306582)
676|-77.02203|-12.132323|SRID=4326;POINT(-77.02203 -12.132323)
677|-77.0225536|-12.1324825|SRID=4326;POINT(-77.0225536 -12.1324825)
670|-77.024253|-12.1273889|SRID=4326;POINT(-77.024253 -12.1273889)
671|-77.0239487|-12.1286192|SRID=4326;POINT(-77.0239487 -12.1286192)
672|-77.0238256|-12.1290889|SRID=4326;POINT(-77.0238256 -12.1290889)
673|-77.0242713|-12.125861|SRID=4326;POINT(-77.0242713 -12.125861)
263|-77.0348163|-12.1222912|SRID=4326;POINT(-77.0348163 -12.1222912)
262|-77.0336804|-12.1222965|SRID=4326;POINT(-77.0336804 -12.1222965)
261|-77.0358814|-12.123695|SRID=4326;POINT(-77.0358814 -12.123695)
260|-77.0358677|-12.1249719|SRID=4326;POINT(-77.0358677 -12.1249719)
267|-77.0390254|-12.122243|SRID=4326;POINT(-77.0390254 -12.122243)
266|-77.0379949|-12.1222483|SRID=4326;POINT(-77.0379949 -12.1222483)
265|-77.0369454|-12.1222754|SRID=4326;POINT(-77.0369454 -12.1222754)
264|-77.0358671|-12.1222842|SRID=4326;POINT(-77.0358671 -12.1222842)
1121|-77.0289519|-12.1197968|SRID=4326;POINT(-77.0289519 -12.1197968)
1031|-77.0293879|-12.1169545|SRID=4326;POINT(-77.0293879 -12.1169545)
269|-77.0402399|-12.1226955|SRID=4326;POINT(-77.0402399 -12.1226955)
268|-77.0396447|-12.1222871|SRID=4326;POINT(-77.0396447 -12.1222871)
701|-77.0181028|-12.1263325|SRID=4326;POINT(-77.0181028 -12.1263325)
59|-77.0430286|-12.1187634|SRID=4326;POINT(-77.0430286 -12.1187634)
58|-77.0430996|-12.1189144|SRID=4326;POINT(-77.0430996 -12.1189144)
1215|-77.0313368|-12.1045004|SRID=4326;POINT(-77.0313368 -12.1045004)
55|-77.0244463|-12.125345|SRID=4326;POINT(-77.0244463 -12.125345)
54|-77.0259422|-12.125087|SRID=4326;POINT(-77.0259422 -12.125087)
57|-77.0404198|-12.1190656|SRID=4326;POINT(-77.0404198 -12.1190656)
56|-77.0404219|-12.1189157|SRID=4326;POINT(-77.0404219 -12.1189157)
51|-77.0293974|-12.1245531|SRID=4326;POINT(-77.0293974 -12.1245531)
50|-77.0301716|-12.1244197|SRID=4326;POINT(-77.0301716 -12.1244197)
53|-77.0269052|-12.1249385|SRID=4326;POINT(-77.0269052 -12.1249385)
52|-77.0279281|-12.1247772|SRID=4326;POINT(-77.0279281 -12.1247772)
537|-77.0333267|-12.122322|SRID=4326;POINT(-77.0333267 -12.122322)
536|-77.0328494|-12.1191415|SRID=4326;POINT(-77.0328494 -12.1191415)
535|-77.0327041|-12.1207242|SRID=4326;POINT(-77.0327041 -12.1207242)
63|-77.0281999|-12.1191648|SRID=4326;POINT(-77.0281999 -12.1191648)
533|-77.0320035|-12.120683|SRID=4326;POINT(-77.0320035 -12.120683)
532|-77.0327643|-12.1227985|SRID=4326;POINT(-77.0327643 -12.1227985)
531|-77.0358474|-12.1201597|SRID=4326;POINT(-77.0358474 -12.1201597)
530|-77.0332948|-12.1207663|SRID=4326;POINT(-77.0332948 -12.1207663)
539|-77.0379809|-12.1239886|SRID=4326;POINT(-77.0379809 -12.1239886)
538|-77.0322109|-12.1232832|SRID=4326;POINT(-77.0322109 -12.1232832)
987|-77.0115594|-12.1273491|SRID=4326;POINT(-77.0115594 -12.1273491)
775|-77.0128635|-12.124168|SRID=4326;POINT(-77.0128635 -12.124168)
988|-77.0116189|-12.128635|SRID=4326;POINT(-77.0116189 -12.128635)
989|-77.0106437|-12.1300157|SRID=4326;POINT(-77.0106437 -12.1300157)
1171|-77.026991|-12.1278954|SRID=4326;POINT(-77.026991 -12.1278954)
774|-77.0128635|-12.1243107|SRID=4326;POINT(-77.0128635 -12.1243107)
982|-77.0108407|-12.1241264|SRID=4326;POINT(-77.0108407 -12.1241264)
983|-77.0117593|-12.1234199|SRID=4326;POINT(-77.0117593 -12.1234199)
980|-77.0115346|-12.1196305|SRID=4326;POINT(-77.0115346 -12.1196305)
981|-77.0108497|-12.1233696|SRID=4326;POINT(-77.0108497 -12.1233696)
986|-77.0096043|-12.127654|SRID=4326;POINT(-77.0096043 -12.127654)
777|-77.0122573|-12.1220605|SRID=4326;POINT(-77.0122573 -12.1220605)
984|-77.0122104|-12.1231357|SRID=4326;POINT(-77.0122104 -12.1231357)
985|-77.0099684|-12.1185961|SRID=4326;POINT(-77.0099684 -12.1185961)
115|-77.0322611|-12.1309341|SRID=4326;POINT(-77.0322611 -12.1309341)
114|-77.0318706|-12.1300557|SRID=4326;POINT(-77.0318706 -12.1300557)
117|-77.0304202|-12.1226757|SRID=4326;POINT(-77.0304202 -12.1226757)
116|-77.0307203|-12.1242561|SRID=4326;POINT(-77.0307203 -12.1242561)
111|-77.0312879|-12.1280708|SRID=4326;POINT(-77.0312879 -12.1280708)
110|-77.0301526|-12.1243638|SRID=4326;POINT(-77.0301526 -12.1243638)
113|-77.0317415|-12.1295842|SRID=4326;POINT(-77.0317415 -12.1295842)
112|-77.0315895|-12.1290726|SRID=4326;POINT(-77.0315895 -12.1290726)
771|-77.0128245|-12.1271513|SRID=4326;POINT(-77.0128245 -12.1271513)
119|-77.0301198|-12.1219936|SRID=4326;POINT(-77.0301198 -12.1219936)
118|-77.0303403|-12.1224386|SRID=4326;POINT(-77.0303403 -12.1224386)
770|-77.0234139|-12.1322153|SRID=4326;POINT(-77.0234139 -12.1322153)
1187|-77.0274944|-12.1028965|SRID=4326;POINT(-77.0274944 -12.1028965)
773|-77.012831|-12.1263431|SRID=4326;POINT(-77.012831 -12.1263431)
1205|-77.017302|-12.1263292|SRID=4326;POINT(-77.017302 -12.1263292)
772|-77.0128112|-12.1270315|SRID=4326;POINT(-77.0128112 -12.1270315)
953|-77.0111272|-12.1202195|SRID=4326;POINT(-77.0111272 -12.1202195)
429|-77.0353174|-12.1126787|SRID=4326;POINT(-77.0353174 -12.1126787)
428|-77.034721|-12.1132502|SRID=4326;POINT(-77.034721 -12.1132502)
1254|-77.0127176|-12.120417|SRID=4326;POINT(-77.0127176 -12.120417)
534|-77.0319898|-12.1191493|SRID=4326;POINT(-77.0319898 -12.1191493)
919|-77.0039159|-12.1271896|SRID=4326;POINT(-77.0039159 -12.1271896)
918|-77.0040516|-12.1258928|SRID=4326;POINT(-77.0040516 -12.1258928)
1250|-77.0287282|-12.1137352|SRID=4326;POINT(-77.0287282 -12.1137352)
1251|-77.0263264|-12.1135892|SRID=4326;POINT(-77.0263264 -12.1135892)
421|-77.0357644|-12.1132716|SRID=4326;POINT(-77.0357644 -12.1132716)
420|-77.0357801|-12.1139305|SRID=4326;POINT(-77.0357801 -12.1139305)
423|-77.0357103|-12.110859|SRID=4326;POINT(-77.0357103 -12.110859)
422|-77.0356998|-12.1126754|SRID=4326;POINT(-77.0356998 -12.1126754)
425|-77.034437|-12.1111927|SRID=4326;POINT(-77.034437 -12.1111927)
424|-77.0356673|-12.1106636|SRID=4326;POINT(-77.0356673 -12.1106636)
427|-77.0348176|-12.1132476|SRID=4326;POINT(-77.0348176 -12.1132476)
426|-77.0352154|-12.1109115|SRID=4326;POINT(-77.0352154 -12.1109115)
308|-77.0389767|-12.1232176|SRID=4326;POINT(-77.0389767 -12.1232176)
309|-77.0399468|-12.1218807|SRID=4326;POINT(-77.0399468 -12.1218807)
855|-77.0203306|-12.1237721|SRID=4326;POINT(-77.0203306 -12.1237721)
300|-77.0371104|-12.1211979|SRID=4326;POINT(-77.0371104 -12.1211979)
301|-77.0369393|-12.1211993|SRID=4326;POINT(-77.0369393 -12.1211993)
302|-77.0369119|-12.1211965|SRID=4326;POINT(-77.0369119 -12.1211965)
303|-77.0358524|-12.1212111|SRID=4326;POINT(-77.0358524 -12.1212111)
304|-77.0329112|-12.1219287|SRID=4326;POINT(-77.0329112 -12.1219287)
305|-77.0323802|-12.1224054|SRID=4326;POINT(-77.0323802 -12.1224054)
306|-77.0318375|-12.1228937|SRID=4326;POINT(-77.0318375 -12.1228937)
307|-77.0386891|-12.1235693|SRID=4326;POINT(-77.0386891 -12.1235693)
895|-77.0059227|-12.122151|SRID=4326;POINT(-77.0059227 -12.122151)
825|-77.0162902|-12.1289191|SRID=4326;POINT(-77.0162902 -12.1289191)
824|-77.0167795|-12.1286338|SRID=4326;POINT(-77.0167795 -12.1286338)
827|-77.0146766|-12.129582|SRID=4326;POINT(-77.0146766 -12.129582)
847|-77.0014615|-12.1282906|SRID=4326;POINT(-77.0014615 -12.1282906)
846|-77.0027291|-12.1267075|SRID=4326;POINT(-77.0027291 -12.1267075)
845|-77.0053029|-12.1228607|SRID=4326;POINT(-77.0053029 -12.1228607)
826|-77.0155692|-12.1295316|SRID=4326;POINT(-77.0155692 -12.1295316)
843|-77.0058358|-12.1220954|SRID=4326;POINT(-77.0058358 -12.1220954)
842|-77.0087371|-12.1177936|SRID=4326;POINT(-77.0087371 -12.1177936)
841|-77.009336|-12.1169116|SRID=4326;POINT(-77.009336 -12.1169116)
840|-77.0130201|-12.1291121|SRID=4326;POINT(-77.0130201 -12.1291121)
1151|-77.0293014|-12.1169537|SRID=4326;POINT(-77.0293014 -12.1169537)
821|-77.0103042|-12.1168584|SRID=4326;POINT(-77.0103042 -12.1168584)
853|-77.0549175|-12.1103874|SRID=4326;POINT(-77.0549175 -12.1103874)
849|-77.0393562|-12.124941|SRID=4326;POINT(-77.0393562 -12.124941)
820|-77.0131725|-12.117698|SRID=4326;POINT(-77.0131725 -12.117698)
823|-77.0172267|-12.1285556|SRID=4326;POINT(-77.0172267 -12.1285556)
1209|-77.0304537|-12.1033948|SRID=4326;POINT(-77.0304537 -12.1033948)
822|-77.0180303|-12.1285553|SRID=4326;POINT(-77.0180303 -12.1285553)
1249|-77.0370551|-12.1179329|SRID=4326;POINT(-77.0370551 -12.1179329)
1164|-77.0504203|-12.1149273|SRID=4326;POINT(-77.0504203 -12.1149273)
1210|-77.0276409|-12.1029803|SRID=4326;POINT(-77.0276409 -12.1029803)
954|-77.0068643|-12.121968|SRID=4326;POINT(-77.0068643 -12.121968)
1034|-77.0299762|-12.1126416|SRID=4326;POINT(-77.0299762 -12.1126416)
1127|-77.0412001|-12.1116657|SRID=4326;POINT(-77.0412001 -12.1116657)
859|-77.0207028|-12.1303228|SRID=4326;POINT(-77.0207028 -12.1303228)
1159|-77.0360058|-12.1235603|SRID=4326;POINT(-77.0360058 -12.1235603)
1208|-77.0314948|-12.103553|SRID=4326;POINT(-77.0314948 -12.103553)
1165|-77.0545215|-12.1101112|SRID=4326;POINT(-77.0545215 -12.1101112)
1068|-77.0064978|-12.1225133|SRID=4326;POINT(-77.0064978 -12.1225133)
1038|-77.029084|-12.111535|SRID=4326;POINT(-77.029084 -12.111535)
1039|-77.0280372|-12.1114293|SRID=4326;POINT(-77.0280372 -12.1114293)
1220|-77.0356586|-12.1234948|SRID=4326;POINT(-77.0356586 -12.1234948)
1046|-77.0303225|-12.1105736|SRID=4326;POINT(-77.0303225 -12.1105736)
1166|-77.0546985|-12.1099818|SRID=4326;POINT(-77.0546985 -12.1099818)
568|-77.0427888|-12.1174631|SRID=4326;POINT(-77.0427888 -12.1174631)
569|-77.0421223|-12.1168742|SRID=4326;POINT(-77.0421223 -12.1168742)
751|-77.0130695|-12.1230939|SRID=4326;POINT(-77.0130695 -12.1230939)
750|-77.012915|-12.1231443|SRID=4326;POINT(-77.012915 -12.1231443)
757|-77.0208541|-12.1321048|SRID=4326;POINT(-77.0208541 -12.1321048)
737|-77.0189562|-12.1260885|SRID=4326;POINT(-77.0189562 -12.1260885)
755|-77.0181703|-12.123205|SRID=4326;POINT(-77.0181703 -12.123205)
754|-77.0159019|-12.123161|SRID=4326;POINT(-77.0159019 -12.123161)
560|-77.0470409|-12.1145911|SRID=4326;POINT(-77.0470409 -12.1145911)
561|-77.0477639|-12.113871|SRID=4326;POINT(-77.0477639 -12.113871)
562|-77.0483778|-12.113243|SRID=4326;POINT(-77.0483778 -12.113243)
563|-77.0499014|-12.1102549|SRID=4326;POINT(-77.0499014 -12.1102549)
564|-77.0491953|-12.1109584|SRID=4326;POINT(-77.0491953 -12.1109584)
565|-77.0484951|-12.1116997|SRID=4326;POINT(-77.0484951 -12.1116997)
566|-77.043935|-12.118523|SRID=4326;POINT(-77.043935 -12.118523)
567|-77.0435633|-12.1182321|SRID=4326;POINT(-77.0435633 -12.1182321)
739|-77.0189246|-12.1276051|SRID=4326;POINT(-77.0189246 -12.1276051)
229|-77.0239238|-12.1347045|SRID=4326;POINT(-77.0239238 -12.1347045)
228|-77.0241336|-12.1339455|SRID=4326;POINT(-77.0241336 -12.1339455)
227|-77.0245971|-12.1332742|SRID=4326;POINT(-77.0245971 -12.1332742)
226|-77.0249144|-12.1322167|SRID=4326;POINT(-77.0249144 -12.1322167)
225|-77.0248796|-12.1313412|SRID=4326;POINT(-77.0248796 -12.1313412)
224|-77.024974|-12.1309972|SRID=4326;POINT(-77.024974 -12.1309972)
223|-77.0250786|-12.1305492|SRID=4326;POINT(-77.0250786 -12.1305492)
222|-77.0234285|-12.1316707|SRID=4326;POINT(-77.0234285 -12.1316707)
221|-77.022391|-12.1313943|SRID=4326;POINT(-77.022391 -12.1313943)
220|-77.0267909|-12.1353684|SRID=4326;POINT(-77.0267909 -12.1353684)
1001|-77.0173289|-12.125324|SRID=4326;POINT(-77.0173289 -12.125324)
1024|-77.0370863|-12.1201458|SRID=4326;POINT(-77.0370863 -12.1201458)
1027|-77.0324041|-12.1052351|SRID=4326;POINT(-77.0324041 -12.1052351)
1026|-77.0319506|-12.1078972|SRID=4326;POINT(-77.0319506 -12.1078972)
1021|-77.0347333|-12.113958|SRID=4326;POINT(-77.0347333 -12.113958)
1020|-77.0347428|-12.1169195|SRID=4326;POINT(-77.0347428 -12.1169195)
1023|-77.0368958|-12.1191001|SRID=4326;POINT(-77.0368958 -12.1191001)
1022|-77.0347317|-12.1138862|SRID=4326;POINT(-77.0347317 -12.1138862)
1186|-77.0492485|-12.1096379|SRID=4326;POINT(-77.0492485 -12.1096379)
1036|-77.0278448|-12.1125196|SRID=4326;POINT(-77.0278448 -12.1125196)
1184|-77.0139963|-12.1279844|SRID=4326;POINT(-77.0139963 -12.1279844)
1115|-77.0252158|-12.1201977|SRID=4326;POINT(-77.0252158 -12.1201977)
1029|-77.0292119|-12.1179803|SRID=4326;POINT(-77.0292119 -12.1179803)
391|-77.0336834|-12.1085947|SRID=4326;POINT(-77.0336834 -12.1085947)
1180|-77.0235368|-12.1306151|SRID=4326;POINT(-77.0235368 -12.1306151)
1037|-77.0301498|-12.1116159|SRID=4326;POINT(-77.0301498 -12.1116159)
726|-77.0201336|-12.1250304|SRID=4326;POINT(-77.0201336 -12.1250304)
727|-77.020912|-12.1248126|SRID=4326;POINT(-77.020912 -12.1248126)
724|-77.0211374|-12.1248294|SRID=4326;POINT(-77.0211374 -12.1248294)
390|-77.0336144|-12.1090703|SRID=4326;POINT(-77.0336144 -12.1090703)
722|-77.0181995|-12.1214931|SRID=4326;POINT(-77.0181995 -12.1214931)
723|-77.0195924|-12.1227735|SRID=4326;POINT(-77.0195924 -12.1227735)
720|-77.0191351|-12.1195083|SRID=4326;POINT(-77.0191351 -12.1195083)
721|-77.0204311|-12.1195936|SRID=4326;POINT(-77.0204311 -12.1195936)
1160|-77.0357761|-12.1235724|SRID=4326;POINT(-77.0357761 -12.1235724)
1035|-77.0289044|-12.11258|SRID=4326;POINT(-77.0289044 -12.11258)
1167|-77.0527377|-12.1090576|SRID=4326;POINT(-77.0527377 -12.1090576)
728|-77.020892|-12.1246482|SRID=4326;POINT(-77.020892 -12.1246482)
729|-77.0202108|-12.1276502|SRID=4326;POINT(-77.0202108 -12.1276502)
151|-77.0230257|-12.1215651|SRID=4326;POINT(-77.0230257 -12.1215651)
150|-77.0222205|-12.1213437|SRID=4326;POINT(-77.0222205 -12.1213437)
153|-77.0247507|-12.1219486|SRID=4326;POINT(-77.0247507 -12.1219486)
152|-77.0238942|-12.12178|SRID=4326;POINT(-77.0238942 -12.12178)
155|-77.0238358|-12.1219227|SRID=4326;POINT(-77.0238358 -12.1219227)
154|-77.0247066|-12.1220958|SRID=4326;POINT(-77.0247066 -12.1220958)
157|-77.0221776|-12.1215031|SRID=4326;POINT(-77.0221776 -12.1215031)
156|-77.0229672|-12.1217045|SRID=4326;POINT(-77.0229672 -12.1217045)
159|-77.0390929|-12.109802|SRID=4326;POINT(-77.0390929 -12.109802)
158|-77.0390542|-12.1097648|SRID=4326;POINT(-77.0390542 -12.1097648)
1207|-77.031538|-12.1035643|SRID=4326;POINT(-77.031538 -12.1035643)
1206|-77.0180984|-12.126214|SRID=4326;POINT(-77.0180984 -12.126214)
609|-77.041948|-12.1139122|SRID=4326;POINT(-77.041948 -12.1139122)
608|-77.0506296|-12.1109529|SRID=4326;POINT(-77.0506296 -12.1109529)
1203|-77.0051717|-12.1283463|SRID=4326;POINT(-77.0051717 -12.1283463)
1202|-77.0066191|-12.12811|SRID=4326;POINT(-77.0066191 -12.12811)
1204|-77.0129501|-12.1270107|SRID=4326;POINT(-77.0129501 -12.1270107)
1211|-77.0231147|-12.1351353|SRID=4326;POINT(-77.0231147 -12.1351353)
976|-77.0108753|-12.1227178|SRID=4326;POINT(-77.0108753 -12.1227178)
1161|-77.0318355|-12.1051528|SRID=4326;POINT(-77.0318355 -12.1051528)
634|-77.0267142|-12.1199151|SRID=4326;POINT(-77.0267142 -12.1199151)
399|-77.0330779|-12.1058778|SRID=4326;POINT(-77.0330779 -12.1058778)
635|-77.0289467|-12.1198522|SRID=4326;POINT(-77.0289467 -12.1198522)
749|-77.0130523|-12.123245|SRID=4326;POINT(-77.0130523 -12.123245)
958|-77.0079348|-12.1234193|SRID=4326;POINT(-77.0079348 -12.1234193)
398|-77.0307463|-12.1087999|SRID=4326;POINT(-77.0307463 -12.1087999)
1214|-77.0309262|-12.1077347|SRID=4326;POINT(-77.0309262 -12.1077347)
48|-77.0316671|-12.1241355|SRID=4326;POINT(-77.0316671 -12.1241355)
49|-77.0307532|-12.1243167|SRID=4326;POINT(-77.0307532 -12.1243167)
46|-77.0441826|-12.1185167|SRID=4326;POINT(-77.0441826 -12.1185167)
47|-77.044074|-12.118636|SRID=4326;POINT(-77.044074 -12.118636)
44|-77.0452884|-12.1183942|SRID=4326;POINT(-77.0452884 -12.1183942)
45|-77.0447759|-12.1184636|SRID=4326;POINT(-77.0447759 -12.1184636)
42|-77.046186|-12.1170956|SRID=4326;POINT(-77.046186 -12.1170956)
43|-77.0457104|-12.1174761|SRID=4326;POINT(-77.0457104 -12.1174761)
40|-77.0473904|-12.1162998|SRID=4326;POINT(-77.0473904 -12.1162998)
41|-77.0466939|-12.1170295|SRID=4326;POINT(-77.0466939 -12.1170295)
1111|-77.0138216|-12.1269908|SRID=4326;POINT(-77.0138216 -12.1269908)
638|-77.0289706|-12.1203741|SRID=4326;POINT(-77.0289706 -12.1203741)
1113|-77.013076|-12.130432|SRID=4326;POINT(-77.013076 -12.130432)
1112|-77.0328877|-12.1301621|SRID=4326;POINT(-77.0328877 -12.1301621)
5|-77.0298811|-12.131491|SRID=4326;POINT(-77.0298811 -12.131491)
1114|-77.0138151|-12.1280677|SRID=4326;POINT(-77.0138151 -12.1280677)
1117|-77.0255704|-12.1226092|SRID=4326;POINT(-77.0255704 -12.1226092)
639|-77.0290937|-12.1223864|SRID=4326;POINT(-77.0290937 -12.1223864)
1119|-77.0454788|-12.1116574|SRID=4326;POINT(-77.0454788 -12.1116574)
1118|-77.045738|-12.11192|SRID=4326;POINT(-77.045738 -12.11192)
1173|-77.0250017|-12.1348671|SRID=4326;POINT(-77.0250017 -12.1348671)
1188|-77.0236961|-12.1355566|SRID=4326;POINT(-77.0236961 -12.1355566)
1219|-77.023891|-12.1291382|SRID=4326;POINT(-77.023891 -12.1291382)
1185|-77.0506896|-12.1109899|SRID=4326;POINT(-77.0506896 -12.1109899)
1163|-77.054129|-12.1112862|SRID=4326;POINT(-77.054129 -12.1112862)
489|-77.0263317|-12.1146533|SRID=4326;POINT(-77.0263317 -12.1146533)
488|-77.0287403|-12.1136383|SRID=4326;POINT(-77.0287403 -12.1136383)
487|-77.0276913|-12.1135596|SRID=4326;POINT(-77.0276913 -12.1135596)
486|-77.0263282|-12.1134527|SRID=4326;POINT(-77.0263282 -12.1134527)
485|-77.0222751|-12.1197191|SRID=4326;POINT(-77.0222751 -12.1197191)
484|-77.026691|-12.1190637|SRID=4326;POINT(-77.026691 -12.1190637)
483|-77.0261131|-12.1190679|SRID=4326;POINT(-77.0261131 -12.1190679)
482|-77.0260794|-12.1191982|SRID=4326;POINT(-77.0260794 -12.1191982)
481|-77.0255676|-12.1191879|SRID=4326;POINT(-77.0255676 -12.1191879)
480|-77.0249047|-12.121326|SRID=4326;POINT(-77.0249047 -12.121326)
955|-77.0074837|-12.1223622|SRID=4326;POINT(-77.0074837 -12.1223622)
1201|-77.0088905|-12.1277623|SRID=4326;POINT(-77.0088905 -12.1277623)
472|-77.0159706|-12.1206016|SRID=4326;POINT(-77.0159706 -12.1206016)
473|-77.0159791|-12.1204505|SRID=4326;POINT(-77.0159791 -12.1204505)
470|-77.0276834|-12.1039653|SRID=4326;POINT(-77.0276834 -12.1039653)
471|-77.0274692|-12.1059931|SRID=4326;POINT(-77.0274692 -12.1059931)
476|-77.0247549|-12.1236935|SRID=4326;POINT(-77.0247549 -12.1236935)
477|-77.0248297|-12.1236849|SRID=4326;POINT(-77.0248297 -12.1236849)
474|-77.0263331|-12.113963|SRID=4326;POINT(-77.0263331 -12.113963)
475|-77.0262774|-12.1163333|SRID=4326;POINT(-77.0262774 -12.1163333)
478|-77.0268451|-12.1233387|SRID=4326;POINT(-77.0268451 -12.1233387)
479|-77.0291778|-12.1229387|SRID=4326;POINT(-77.0291778 -12.1229387)
